game_id,turn,candidates_left,chosen_word,entropy_score,prob_score,combined_score,is_winner,total_game_steps
0,2,34,until,4.282480676815465,0.0,4.282480676815465,False,4
0,3,3,villa,1.5828081555915872,0.3589248846782482,1.9417330402698354,False,4
0,4,1,lilac,1.5828081555915872,0.3589248846782482,1.9417330402698354,True,4
1,2,70,cleat,4.660072653042596,0.012616273972314785,4.672688927014911,False,3
1,3,1,alley,4.660072653042596,0.012616273972314785,4.672688927014911,True,3
2,2,40,prong,3.9956346776871614,0.0,3.9956346776871614,False,3
2,3,1,grope,3.9956346776871614,0.0,3.9956346776871614,True,3
3,2,41,bland,3.8456913286080283,0.0,3.8456913286080283,False,4
3,3,10,weave,2.184997739097101,0.10492260933937213,2.289920348436473,False,4
3,4,1,peace,2.184997739097101,0.10492260933937213,2.289920348436473,True,4
4,2,20,cloth,3.0089202751472297,0.0,3.0089202751472297,False,5
4,3,4,snake,1.537598016670898,0.2641538151056664,1.8017518317765644,False,5
4,4,2,spade,1.537598016670898,0.2641538151056664,1.8017518317765644,False,5
4,5,1,suave,1.537598016670898,0.2641538151056664,1.8017518317765644,True,5
5,2,4,large,1.528540332004999,0.2985519513243539,1.827092283329353,True,2
7,2,20,could,3.38460977638414,0.0,3.38460977638414,False,4
7,3,2,rerun,3.38460977638414,0.0,3.38460977638414,False,4
7,4,1,rebut,3.38460977638414,0.0,3.38460977638414,True,4
8,2,108,pilot,4.697164821128426,0.010625798935333771,4.70779062006376,False,3
8,3,4,pinch,1.9993133428111178,0.2623218586614034,2.2616352014725214,True,3
9,2,2,image,1.9993133428111178,0.2623218586614034,2.2616352014725214,False,3
9,3,1,inane,1.9993133428111178,0.2623218586614034,2.2616352014725214,True,3
10,2,122,betel,5.067321848877104,0.00668436560980362,5.074006214486908,False,5
10,3,14,women,3.1937011017055585,0.0907346308243095,3.284435732529868,False,5
10,4,2,dozen,3.1937011017055585,0.0907346308243095,3.284435732529868,False,5
10,5,1,coven,3.1937011017055585,0.0907346308243095,3.284435732529868,True,5
11,2,80,month,4.5824004036087675,0.0,4.5824004036087675,False,4
11,3,3,focus,1.5745287898059819,0.3829086737065196,1.9574374635125014,False,4
11,4,1,locus,1.5745287898059819,0.3829086737065196,1.9574374635125014,True,4
12,2,41,bland,3.8456913286080283,0.0,3.8456913286080283,False,3
12,3,1,anode,3.8456913286080283,0.0,3.8456913286080283,True,3
13,2,28,empty,3.3209790185055406,0.0,3.3209790185055406,False,4
13,3,7,wager,2.2262003189074675,0.14981532229707306,2.376015641204541,False,4
13,4,2,baker,2.2262003189074675,0.14981532229707306,2.376015641204541,True,4
14,2,169,mulch,5.22134960510835,0.005701227898226248,5.227050833006577,False,5
14,3,6,bunch,1.9206580297657883,0.17905426540314312,2.0997122951689313,False,5
14,4,2,punch,1.9206580297657883,0.17905426540314312,2.0997122951689313,False,5
14,5,1,hunch,1.9206580297657883,0.17905426540314312,2.0997122951689313,True,5
15,2,103,deter,4.345544290945185,0.009548680565350782,4.355092971510535,False,3
15,3,1,dryer,4.345544290945185,0.009548680565350782,4.355092971510535,True,3
16,2,8,grass,2.1462555441094855,0.1363615444276059,2.2826170885370916,False,3
16,3,2,brass,2.1462555441094855,0.1363615444276059,2.2826170885370916,True,3
17,2,169,mulch,5.22134960510835,0.005701227898226248,5.227050833006577,False,4
17,3,14,blown,3.4684877429308827,0.07622000297265263,3.544707745903535,False,4
17,4,1,flown,3.4684877429308827,0.07622000297265263,3.544707745903535,True,4
18,2,103,count,4.935951598196658,0.0,4.935951598196658,False,4
18,3,6,throb,2.5784859575162318,0.14546686571086645,2.723952823227098,False,4
18,4,1,broth,2.5784859575162318,0.14546686571086645,2.723952823227098,True,4
19,2,17,floss,3.602896277680835,0.06013667528007432,3.6630329529609096,False,4
19,3,2,mossy,3.602896277680835,0.06013667528007432,3.6630329529609096,False,4
19,4,1,bossy,3.602896277680835,0.06013667528007432,3.6630329529609096,True,4
20,2,92,count,4.245196362820736,0.0,4.245196362820736,False,5
20,3,9,fatty,2.4479587941666523,0.12266754257299578,2.570626336739648,False,5
20,4,3,patty,0.9521352588422854,0.37192044835167853,1.324055707193964,False,5
20,5,2,batty,0.9521352588422854,0.37192044835167853,1.324055707193964,True,5
21,2,61,could,4.7296830030311545,0.0,4.7296830030311545,False,3
21,3,2,clone,4.7296830030311545,0.0,4.7296830030311545,True,3
22,2,169,mulch,5.22134960510835,0.005701227898226248,5.227050833006577,False,4
22,3,15,funny,2.7531374814959375,0.07989462726159306,2.8330321087575308,False,4
22,4,6,guppy,2.573572026269257,0.14713674753240913,2.720708773801666,True,4
23,2,26,track,3.128720724997513,0.0,3.128720724997513,False,5
23,3,7,grade,1.8472778541854757,0.16078237579887417,2.0080602299843497,False,5
23,4,3,grave,0.9412797399084991,0.3583199038736948,1.299599643782194,False,5
23,5,2,grape,0.9412797399084991,0.3583199038736948,1.299599643782194,True,5
24,2,122,betel,5.067321848877104,0.00668436560980362,5.074006214486908,False,4
24,3,3,needy,1.580780563333099,0.3567501835813133,1.9375307469144123,False,4
24,4,1,geeky,1.580780563333099,0.3567501835813133,1.9375307469144123,True,4
25,2,20,could,3.38460977638414,0.0,3.38460977638414,False,5
25,3,3,roger,0.9467640776684947,0.36501080082491294,1.3117748784934076,False,5
25,4,2,rover,0.9467640776684947,0.36501080082491294,1.3117748784934076,False,5
25,5,1,rower,0.9467640776684947,0.36501080082491294,1.3117748784934076,True,5
26,2,108,pilot,4.697164821128426,0.010625798935333771,4.70779062006376,False,3
26,3,2,light,4.697164821128426,0.010625798935333771,4.70779062006376,True,3
27,2,122,betel,5.067321848877104,0.00668436560980362,5.074006214486908,False,4
27,3,3,dwell,0.9500218153728813,0.3691559655617314,1.3191777809346128,False,4
27,4,2,quell,0.9500218153728813,0.3691559655617314,1.3191777809346128,True,4
28,2,7,stain,2.801793990755532,0.14794587742962445,2.9497398681851563,False,3
28,3,1,slain,2.801793990755532,0.14794587742962445,2.9497398681851563,True,3
29,2,3,safer,1.5659308454088814,0.3535096549133545,1.919440500322236,True,2
30,2,92,count,4.245196362820736,0.0,4.245196362820736,False,4
30,3,9,fatty,2.4479587941666523,0.12266754257299578,2.570626336739648,False,4
30,4,3,patty,0.9521352588422854,0.37192044835167853,1.324055707193964,True,4
31,2,103,deter,4.345544290945185,0.009548680565350782,4.355092971510535,False,3
31,3,1,nerdy,4.345544290945185,0.009548680565350782,4.355092971510535,True,3
32,2,51,blunt,4.292231515194711,0.0,4.292231515194711,False,4
32,3,2,union,4.292231515194711,0.0,4.292231515194711,False,4
32,4,1,unify,4.292231515194711,0.0,4.292231515194711,True,4
33,2,23,cloth,3.905401798674347,0.0,3.905401798674347,False,4
33,3,2,glide,3.905401798674347,0.0,3.905401798674347,False,4
33,4,1,elide,3.905401798674347,0.0,3.905401798674347,True,4
34,2,94,clout,5.01226299802091,0.0,5.01226299802091,False,3
34,3,1,octal,5.01226299802091,0.0,5.01226299802091,True,3
35,2,24,count,3.696699599272014,0.0,3.696699599272014,False,4
35,3,3,story,0.9501237119170508,0.369287845819028,1.3194115577360788,False,4
35,4,2,storm,0.9501237119170508,0.369287845819028,1.3194115577360788,True,4
36,2,103,count,4.935951598196658,0.0,4.935951598196658,False,3
36,3,2,blurb,4.935951598196658,0.0,4.935951598196658,True,3
37,2,51,blunt,4.292231515194711,0.0,4.292231515194711,False,3
37,3,3,think,1.579052458727683,0.35856755884802777,1.9376200175757108,True,3
38,2,108,pilot,4.697164821128426,0.010625798935333771,4.70779062006376,False,4
38,3,4,toxic,1.9986291460137737,0.2672678050807043,2.265896951094478,False,4
38,4,1,motif,1.9986291460137737,0.2672678050807043,2.265896951094478,True,4
39,2,15,edict,3.0994820351323993,0.06476195069248716,3.1642439858248865,False,3
39,3,1,quiet,3.0994820351323993,0.06476195069248716,3.1642439858248865,True,3
40,2,61,could,4.7296830030311545,0.0,4.7296830030311545,False,3
40,3,1,chute,4.7296830030311545,0.0,4.7296830030311545,True,3
41,2,103,count,4.935951598196658,0.0,4.935951598196658,False,4
41,3,6,juror,2.200463794515305,0.1493316943375472,2.3497954888528523,False,4
41,4,1,humor,2.200463794515305,0.1493316943375472,2.3497954888528523,True,4
42,2,78,crowd,4.371952890460427,0.0,4.371952890460427,False,3
42,3,2,aroma,4.371952890460427,0.0,4.371952890460427,True,3
43,2,169,mulch,5.22134960510835,0.005701227898226248,5.227050833006577,False,4
43,3,3,moody,1.584747645310053,0.33935876612977833,1.9241064114398314,False,4
43,4,1,motto,1.584747645310053,0.33935876612977833,1.9241064114398314,True,4
44,2,4,trial,1.5341306101284027,0.2954515605840976,1.8295821707125004,False,3
44,3,1,triad,1.5341306101284027,0.2954515605840976,1.8295821707125004,True,3
45,2,41,bland,3.8456913286080283,0.0,3.8456913286080283,False,5
45,3,10,weave,2.184997739097101,0.10492260933937213,2.289920348436473,False,5
45,4,5,agate,1.9218851187666326,0.2045489890067837,2.126434107773416,False,5
45,5,2,quake,1.9218851187666326,0.2045489890067837,2.126434107773416,True,5
46,2,14,panic,3.0699641623010296,0.07632090981424908,3.146285072115279,False,5
46,3,4,maxim,1.4787273346847662,0.24248158137925438,1.7212089160640207,False,5
46,4,2,valid,1.4787273346847662,0.24248158137925438,1.7212089160640207,False,5
46,5,1,habit,1.4787273346847662,0.24248158137925438,1.7212089160640207,True,5
47,2,169,mulch,5.22134960510835,0.005701227898226248,5.227050833006577,False,4
47,3,2,mogul,5.22134960510835,0.005701227898226248,5.227050833006577,False,4
47,4,1,moult,5.22134960510835,0.005701227898226248,5.227050833006577,True,4
48,2,12,steak,3.009167190314376,0.08468619604188704,3.093853386356263,False,4
48,3,3,steam,0.9379909209727884,0.35446307153470835,1.2924539925074967,False,4
48,4,2,steal,0.9379909209727884,0.35446307153470835,1.2924539925074967,True,4
49,2,20,could,3.38460977638414,0.0,3.38460977638414,False,4
49,3,2,rerun,3.38460977638414,0.0,3.38460977638414,False,4
49,4,1,rebut,3.38460977638414,0.0,3.38460977638414,True,4
50,2,169,mulch,5.22134960510835,0.005701227898226248,5.227050833006577,False,4
50,3,16,goody,3.276242855634696,0.0620977697643773,3.338340625399073,False,4
50,4,2,dowdy,3.276242855634696,0.0620977697643773,3.338340625399073,True,4
51,2,94,clout,5.01226299802091,0.0,5.01226299802091,False,3
51,3,1,quack,5.01226299802091,0.0,5.01226299802091,True,3
52,2,4,royal,1.9920878631087313,0.27541730026018085,2.267505163368912,True,2
53,2,92,count,4.245196362820736,0.0,4.245196362820736,False,4
53,3,20,madly,3.7053659522157996,0.04851794805295685,3.7538839002687565,False,4
53,4,2,daddy,3.7053659522157996,0.04851794805295685,3.7538839002687565,True,4
54,2,78,crowd,4.371952890460427,0.0,4.371952890460427,False,3
54,3,2,coral,4.371952890460427,0.0,4.371952890460427,True,3
55,2,103,deter,4.345544290945185,0.009548680565350782,4.355092971510535,False,4
55,3,2,erect,4.345544290945185,0.009548680565350782,4.355092971510535,False,4
55,4,1,exert,4.345544290945185,0.009548680565350782,4.355092971510535,True,4
56,2,70,cleat,4.660072653042596,0.012616273972314785,4.672688927014911,False,5
56,3,6,heavy,2.2302028081957057,0.19562055037893916,2.425823358574645,False,5
56,4,2,annex,2.2302028081957057,0.19562055037893916,2.425823358574645,False,5
56,5,1,apnea,2.2302028081957057,0.19562055037893916,2.425823358574645,True,5
57,2,80,month,4.5824004036087675,0.0,4.5824004036087675,False,5
57,3,7,slunk,2.5038263570831676,0.11672387246997012,2.6205502295531375,False,5
57,4,2,skunk,2.5038263570831676,0.11672387246997012,2.6205502295531375,False,5
57,5,1,spunk,2.5038263570831676,0.11672387246997012,2.6205502295531375,True,5
58,2,92,count,4.245196362820736,0.0,4.245196362820736,False,4
58,3,9,fatty,2.4479587941666523,0.12266754257299578,2.570626336739648,False,4
58,4,1,taffy,2.4479587941666523,0.12266754257299578,2.570626336739648,True,4
59,2,29,knelt,3.8776077647628067,0.0,3.8776077647628067,False,3
59,3,1,sting,3.8776077647628067,0.0,3.8776077647628067,True,3
60,2,61,could,4.7296830030311545,0.0,4.7296830030311545,False,3
60,3,4,phone,1.9933588551251147,0.28373318600207803,2.277092041127193,True,3
61,2,5,least,1.3722516156560352,0.22267059320197877,1.594922208858014,False,4
61,3,3,beast,0.9298395568880649,0.345342464624457,1.2751820215125218,False,4
61,4,2,yeast,0.9298395568880649,0.345342464624457,1.2751820215125218,True,4
62,2,103,count,4.935951598196658,0.0,4.935951598196658,False,3
62,3,1,trunk,4.935951598196658,0.0,4.935951598196658,True,3
63,2,23,thong,3.966481601291152,0.0,3.966481601291152,False,3
63,3,2,birth,3.966481601291152,0.0,3.966481601291152,True,3
64,2,10,scree,2.1694571194121814,0.0800401117707753,2.2494972311829566,True,2
65,2,10,ruddy,2.917992089188093,0.0862602405953228,3.004252329783416,False,3
65,3,1,rough,2.917992089188093,0.0862602405953228,3.004252329783416,True,3
66,2,169,mulch,5.22134960510835,0.005701227898226248,5.227050833006577,False,3
66,3,8,found,2.3758692487173483,0.1431791145129551,2.5190483632303033,True,3
67,2,26,lingo,3.72052858222838,0.0,3.72052858222838,False,3
67,3,1,genie,3.72052858222838,0.0,3.72052858222838,True,3
68,2,94,clout,5.01226299802091,0.0,5.01226299802091,False,4
68,3,3,today,1.5796380258826164,0.37345675001214473,1.953094775894761,False,4
68,4,1,topaz,1.5796380258826164,0.37345675001214473,1.953094775894761,True,4
69,2,22,shout,4.078196116709489,0.0,4.078196116709489,False,4
69,3,2,solid,4.078196116709489,0.0,4.078196116709489,False,4
69,4,1,sonic,4.078196116709489,0.0,4.078196116709489,True,4
70,2,41,spelt,4.4167166368094275,0.021718152088787676,4.438434788898215,False,4
70,3,4,shell,1.5166676505177787,0.26232127244315273,1.7789889229609315,False,4
70,4,2,smell,1.5166676505177787,0.26232127244315273,1.7789889229609315,True,4
71,2,169,mulch,5.22134960510835,0.005701227898226248,5.227050833006577,False,4
71,3,14,blown,3.4684877429308827,0.07622000297265263,3.544707745903535,False,4
71,4,1,flown,3.4684877429308827,0.07622000297265263,3.544707745903535,True,4
72,2,5,siege,2.303951691279312,0.19551988387636618,2.4994715751556784,False,3
72,3,1,issue,2.303951691279312,0.19551988387636618,2.4994715751556784,True,3
73,2,15,spine,2.1084426460654164,0.06920605598908156,2.177648702054498,False,4
73,3,3,spice,0.9232280294122965,0.33834691966003316,1.2615749490723296,False,4
73,4,2,spike,0.9232280294122965,0.33834691966003316,1.2615749490723296,True,4
74,2,169,mulch,5.22134960510835,0.005701227898226248,5.227050833006577,False,4
74,3,2,thumb,5.22134960510835,0.005701227898226248,5.227050833006577,False,4
74,4,1,thump,5.22134960510835,0.005701227898226248,5.227050833006577,True,4
75,2,78,crowd,4.371952890460427,0.0,4.371952890460427,False,4
75,3,9,polar,2.9602272038324466,0.12621933304161762,3.0864465368740643,False,4
75,4,1,molar,2.9602272038324466,0.12621933304161762,3.0864465368740643,True,4
76,2,61,could,4.7296830030311545,0.0,4.7296830030311545,False,4
76,3,4,phone,1.9933588551251147,0.28373318600207803,2.277092041127193,False,4
76,4,1,ozone,1.9933588551251147,0.28373318600207803,2.277092041127193,True,4
77,2,122,betel,5.067321848877104,0.00668436560980362,5.074006214486908,False,5
77,3,14,women,3.1937011017055585,0.0907346308243095,3.284435732529868,False,5
77,4,2,dozen,3.1937011017055585,0.0907346308243095,3.284435732529868,False,5
77,5,1,coven,3.1937011017055585,0.0907346308243095,3.284435732529868,True,5
78,2,169,mulch,5.22134960510835,0.005701227898226248,5.227050833006577,False,4
78,3,6,jolly,1.8001383196222405,0.17450284154684917,1.9746411611690897,False,4
78,4,1,nylon,1.8001383196222405,0.17450284154684917,1.9746411611690897,True,4
79,2,78,crowd,4.371952890460427,0.0,4.371952890460427,False,3
79,3,1,award,4.371952890460427,0.0,4.371952890460427,True,3
80,2,15,edict,3.0994820351323993,0.06476195069248716,3.1642439858248865,False,3
80,3,1,evict,3.0994820351323993,0.06476195069248716,3.1642439858248865,True,3
81,2,169,mulch,5.22134960510835,0.005701227898226248,5.227050833006577,False,4
81,3,8,found,2.3758692487173483,0.1431791145129551,2.5190483632303033,False,4
81,4,1,young,2.3758692487173483,0.1431791145129551,2.5190483632303033,True,4
83,2,92,count,4.245196362820736,0.0,4.245196362820736,False,4
83,3,20,madly,3.7053659522157996,0.04851794805295685,3.7538839002687565,False,4
83,4,1,bawdy,3.7053659522157996,0.04851794805295685,3.7538839002687565,True,4
84,2,29,knelt,3.8776077647628067,0.0,3.8776077647628067,False,3
84,3,2,shift,3.8776077647628067,0.0,3.8776077647628067,True,3
85,2,51,blunt,4.292231515194711,0.0,4.292231515194711,False,3
85,3,2,flint,4.292231515194711,0.0,4.292231515194711,True,3
86,2,29,knelt,3.8776077647628067,0.0,3.8776077647628067,False,3
86,3,1,still,3.8776077647628067,0.0,3.8776077647628067,True,3
87,2,23,thong,3.966481601291152,0.0,3.966481601291152,False,3
87,3,1,vigor,3.966481601291152,0.0,3.966481601291152,True,3
88,2,103,count,4.935951598196658,0.0,4.935951598196658,False,4
88,3,15,droop,3.439277035472058,0.055587501149019475,3.4948645366210775,False,4
88,4,1,fjord,3.439277035472058,0.055587501149019475,3.4948645366210775,True,4
89,2,78,crowd,4.371952890460427,0.0,4.371952890460427,False,4
89,3,2,drawn,4.371952890460427,0.0,4.371952890460427,False,4
89,4,1,drawl,4.371952890460427,0.0,4.371952890460427,True,4
90,2,78,crowd,4.371952890460427,0.0,4.371952890460427,False,3
90,3,1,adorn,4.371952890460427,0.0,4.371952890460427,True,3
91,2,24,count,3.696699599272014,0.0,3.696699599272014,False,3
91,3,3,story,0.9501237119170508,0.369287845819028,1.3194115577360788,True,3
92,2,61,could,4.7296830030311545,0.0,4.7296830030311545,False,3
92,3,1,booze,4.7296830030311545,0.0,4.7296830030311545,True,3
93,2,9,randy,2.4427334923161865,0.1187327938610011,2.5614662861771875,False,4
93,3,3,ralph,1.5742924696127332,0.3726546102592862,1.9469470798720194,False,4
93,4,1,razor,1.5742924696127332,0.3726546102592862,1.9469470798720194,True,4
94,2,78,crowd,4.371952890460427,0.0,4.371952890460427,False,3
94,3,1,wrath,4.371952890460427,0.0,4.371952890460427,True,3
95,2,41,spelt,4.4167166368094275,0.021718152088787676,4.438434788898215,False,4
95,3,3,sheet,1.5828203614201124,0.34813182816591204,1.9309521895860244,False,4
95,4,1,scent,1.5828203614201124,0.34813182816591204,1.9309521895860244,True,4
96,2,22,shalt,3.453410506083153,0.0,3.453410506083153,False,3
96,3,1,spasm,3.453410506083153,0.0,3.453410506083153,True,3
97,2,17,floss,3.602896277680835,0.06013667528007432,3.6630329529609096,False,3
97,3,2,plush,3.602896277680835,0.06013667528007432,3.6630329529609096,True,3
98,2,41,spelt,4.4167166368094275,0.021718152088787676,4.438434788898215,False,3
98,3,1,pesto,4.4167166368094275,0.021718152088787676,4.438434788898215,True,3
99,2,20,tonal,3.770466915690223,0.0,3.770466915690223,False,3
99,3,1,nasal,3.770466915690223,0.0,3.770466915690223,True,3
100,2,41,bland,3.8456913286080283,0.0,3.8456913286080283,False,4
100,3,10,weave,2.184997739097101,0.10492260933937213,2.289920348436473,False,4
100,4,5,agate,1.9218851187666326,0.2045489890067837,2.126434107773416,True,4
101,2,80,month,4.5824004036087675,0.0,4.5824004036087675,False,4
101,3,9,spool,2.6987726418663804,0.1211499938956039,2.8199226357619844,False,4
101,4,1,scowl,2.6987726418663804,0.1211499938956039,2.8199226357619844,True,4
102,2,122,betel,5.067321848877104,0.00668436560980362,5.074006214486908,False,3
102,3,3,often,1.5780357033676324,0.37875714715418407,1.9567928505218166,True,3
103,2,17,tripe,2.150723725386372,0.04783081337738305,2.198554538763755,False,3
103,3,1,write,2.150723725386372,0.04783081337738305,2.198554538763755,True,3
104,2,22,shout,4.078196116709489,0.0,4.078196116709489,False,3
104,3,1,stoic,4.078196116709489,0.0,4.078196116709489,True,3
105,2,94,clout,5.01226299802091,0.0,5.01226299802091,False,3
105,3,7,nomad,2.7969236400234605,0.14506250848910135,2.941986148512562,True,3
106,2,8,cease,2.259037313281008,0.12734282871162358,2.3863801419926314,False,3
106,3,1,chase,2.259037313281008,0.12734282871162358,2.3863801419926314,True,3
107,2,28,empty,3.3209790185055406,0.0,3.3209790185055406,False,3
107,3,1,early,3.3209790185055406,0.0,3.3209790185055406,True,3
108,2,51,blunt,4.292231515194711,0.0,4.292231515194711,False,4
108,3,2,union,4.292231515194711,0.0,4.292231515194711,False,4
108,4,1,unify,4.292231515194711,0.0,4.292231515194711,True,4
109,2,122,betel,5.067321848877104,0.00668436560980362,5.074006214486908,False,3
109,3,1,enemy,5.067321848877104,0.00668436560980362,5.074006214486908,True,3
110,2,80,month,4.5824004036087675,0.0,4.5824004036087675,False,4
110,3,9,spool,2.6987726418663804,0.1211499938956039,2.8199226357619844,False,4
110,4,2,spoof,2.6987726418663804,0.1211499938956039,2.8199226357619844,True,4
111,2,70,cleat,4.660072653042596,0.012616273972314785,4.672688927014911,False,4
111,3,4,omega,1.9937003113656246,0.2728367339739541,2.266537045339579,False,4
111,4,1,hyena,1.9937003113656246,0.2728367339739541,2.266537045339579,True,4
112,2,108,pilot,4.697164821128426,0.010625798935333771,4.70779062006376,True,2
113,2,80,month,4.5824004036087675,0.0,4.5824004036087675,False,5
113,3,7,stoop,2.2035669535781635,0.12217558579821931,2.3257425393763826,False,5
113,4,2,stood,2.2035669535781635,0.12217558579821931,2.3257425393763826,False,5
113,5,1,stool,2.2035669535781635,0.12217558579821931,2.3257425393763826,True,5
114,2,94,clout,5.01226299802091,0.0,5.01226299802091,False,4
114,3,10,plank,2.9092424616016554,0.09706599050690408,3.0063084521085597,False,4
114,4,1,flaky,2.9092424616016554,0.09706599050690408,3.0063084521085597,True,4
115,2,103,deter,4.345544290945185,0.009548680565350782,4.355092971510535,False,3
115,3,1,elder,4.345544290945185,0.009548680565350782,4.355092971510535,True,3
116,2,169,mulch,5.22134960510835,0.005701227898226248,5.227050833006577,False,3
116,3,6,bunch,1.9206580297657883,0.17905426540314312,2.0997122951689313,True,3
117,2,78,crowd,4.371952890460427,0.0,4.371952890460427,False,3
117,3,1,ardor,4.371952890460427,0.0,4.371952890460427,True,3
118,2,28,empty,3.3209790185055406,0.0,3.3209790185055406,False,4
118,3,7,wager,2.2262003189074675,0.14981532229707306,2.376015641204541,False,4
118,4,2,baker,2.2262003189074675,0.14981532229707306,2.376015641204541,True,4
119,2,20,cloth,3.0089202751472297,0.0,3.0089202751472297,False,3
119,3,1,shale,3.0089202751472297,0.0,3.0089202751472297,True,3
120,2,23,cloth,3.905401798674347,0.0,3.905401798674347,False,3
120,3,1,white,3.905401798674347,0.0,3.905401798674347,True,3
121,2,5,crisp,1.4032754916930483,0.2129811501567122,1.6162566418497606,False,4
121,3,3,brisk,1.5768550544034163,0.33181312931058526,1.9086681837140016,False,4
121,4,1,frisk,1.5768550544034163,0.33181312931058526,1.9086681837140016,True,4
122,2,8,nurse,1.7530571384273577,0.13191887391802892,1.8849760123453865,False,3
122,3,1,prose,1.7530571384273577,0.13191887391802892,1.8849760123453865,True,3
123,2,40,prong,3.9956346776871614,0.0,3.9956346776871614,False,3
123,3,4,crude,1.9987899904682327,0.2665492409286878,2.2653392313969203,True,3
124,2,103,deter,4.345544290945185,0.009548680565350782,4.355092971510535,False,4
124,3,6,never,1.9411828692737148,0.19111562794943834,2.132298497223153,False,4
124,4,2,fewer,1.9411828692737148,0.19111562794943834,2.132298497223153,True,4
125,2,78,crowd,4.371952890460427,0.0,4.371952890460427,False,5
125,3,3,draft,0.9360465407357468,0.3522330249047676,1.2882795656405144,False,5
125,4,2,drama,0.9360465407357468,0.3522330249047676,1.2882795656405144,False,5
125,5,1,drank,0.9360465407357468,0.3522330249047676,1.2882795656405144,True,5
126,2,103,deter,4.345544290945185,0.009548680565350782,4.355092971510535,False,4
126,3,27,comfy,3.1903709071786333,0.0,3.1903709071786333,False,4
126,4,1,gofer,3.1903709071786333,0.0,3.1903709071786333,True,4
127,2,34,bleat,3.8729354751388456,0.0,3.8729354751388456,False,4
127,3,4,extra,1.9823093277906578,0.2754586549989078,2.2577679827895656,False,4
127,4,1,after,1.9823093277906578,0.2754586549989078,2.2577679827895656,True,4
128,2,41,spelt,4.4167166368094275,0.021718152088787676,4.438434788898215,False,3
128,3,1,spell,4.4167166368094275,0.021718152088787676,4.438434788898215,True,3
129,2,14,panic,3.0699641623010296,0.07632090981424908,3.146285072115279,True,2
130,2,169,mulch,5.22134960510835,0.005701227898226248,5.227050833006577,False,3
130,3,1,mucky,5.22134960510835,0.005701227898226248,5.227050833006577,True,3
131,2,108,pilot,4.697164821128426,0.010625798935333771,4.70779062006376,False,5
131,3,14,width,3.0823075615377693,0.08225851525834274,3.164566076796112,False,5
131,4,4,kitty,1.5011507779873687,0.27456279055265687,1.7757135685400256,False,5
131,5,2,fifty,1.5011507779873687,0.27456279055265687,1.7757135685400256,True,5
132,2,20,notch,3.479534827255631,0.0,3.479534827255631,False,3
132,3,1,oaken,3.479534827255631,0.0,3.479534827255631,True,3
133,2,78,crowd,4.371952890460427,0.0,4.371952890460427,False,4
133,3,4,brawl,1.9990326000582104,0.2560777094807838,2.255110309538994,False,4
133,4,1,prawn,1.9990326000582104,0.2560777094807838,2.255110309538994,True,4
134,2,78,crowd,4.371952890460427,0.0,4.371952890460427,False,4
134,3,3,draft,0.9360465407357468,0.3522330249047676,1.2882795656405144,False,4
134,4,2,drama,0.9360465407357468,0.3522330249047676,1.2882795656405144,True,4
135,2,29,knelt,3.8776077647628067,0.0,3.8776077647628067,False,4
135,3,6,using,2.2690782560071705,0.19887067651192145,2.467948932519092,False,4
135,4,1,suing,2.2690782560071705,0.19887067651192145,2.467948932519092,True,4
136,2,26,cloth,3.451017859683121,0.0,3.451017859683121,False,4
136,3,4,karma,1.9977011933100752,0.26645728696966703,2.2641584802797423,False,4
136,4,1,marry,1.9977011933100752,0.26645728696966703,2.2641584802797423,True,4
137,2,169,mulch,5.22134960510835,0.005701227898226248,5.227050833006577,False,6
137,3,6,jolly,1.8001383196222405,0.17450284154684917,1.9746411611690897,False,6
137,4,3,dolly,0.9359587732396677,0.35213320521216335,1.288091978451831,False,6
137,5,2,folly,0.9359587732396677,0.35213320521216335,1.288091978451831,False,6
137,6,1,golly,0.9359587732396677,0.35213320521216335,1.288091978451831,True,6
138,2,9,sauce,1.8459647416331548,0.1221455594765204,1.9681103011096752,False,3
138,3,5,waste,0.7728202321537083,0.2270426413810907,0.999862873534799,True,3
139,2,103,count,4.935951598196658,0.0,4.935951598196658,False,4
139,3,3,honor,1.581821297103753,0.35538249271627803,1.9372037898200312,False,4
139,4,1,moron,1.581821297103753,0.35538249271627803,1.9372037898200312,True,4
140,2,51,blunt,4.292231515194711,0.0,4.292231515194711,False,3
140,3,2,point,4.292231515194711,0.0,4.292231515194711,True,3
141,2,20,tonal,3.770466915690223,0.0,3.770466915690223,False,3
141,3,1,sauna,3.770466915690223,0.0,3.770466915690223,True,3
142,2,78,crowd,4.371952890460427,0.0,4.371952890460427,False,4
142,3,3,draft,0.9360465407357468,0.3522330249047676,1.2882795656405144,False,4
142,4,2,drama,0.9360465407357468,0.3522330249047676,1.2882795656405144,True,4
143,2,169,mulch,5.22134960510835,0.005701227898226248,5.227050833006577,False,4
143,3,2,mogul,5.22134960510835,0.005701227898226248,5.227050833006577,False,4
143,4,1,moult,5.22134960510835,0.005701227898226248,5.227050833006577,True,4
144,2,29,knelt,3.8776077647628067,0.0,3.8776077647628067,False,3
144,3,1,slimy,3.8776077647628067,0.0,3.8776077647628067,True,3
145,2,2,exist,3.8776077647628067,0.0,3.8776077647628067,True,2
146,2,70,cleat,4.660072653042596,0.012616273972314785,4.672688927014911,False,4
146,3,2,pleat,4.660072653042596,0.012616273972314785,4.672688927014911,False,4
146,4,1,bleat,4.660072653042596,0.012616273972314785,4.672688927014911,True,4
147,2,122,betel,5.067321848877104,0.00668436560980362,5.074006214486908,False,3
147,3,1,elbow,5.067321848877104,0.00668436560980362,5.074006214486908,True,3
148,2,13,relay,2.8454359750373377,0.08153663531164862,2.926972610348986,False,3
148,3,2,renal,2.8454359750373377,0.08153663531164862,2.926972610348986,True,3
149,2,17,floss,3.602896277680835,0.06013667528007432,3.6630329529609096,False,3
149,3,1,gloss,3.602896277680835,0.06013667528007432,3.6630329529609096,True,3
150,2,92,count,4.245196362820736,0.0,4.245196362820736,False,4
150,3,9,manly,2.923144884673644,0.111978158869697,3.035123043543341,False,4
150,4,1,naval,2.923144884673644,0.111978158869697,3.035123043543341,True,4
151,2,13,relay,2.8454359750373377,0.08153663531164862,2.926972610348986,False,3
151,3,1,ready,2.8454359750373377,0.08153663531164862,2.926972610348986,True,3
152,2,103,deter,4.345544290945185,0.009548680565350782,4.355092971510535,False,5
152,3,27,comfy,3.1903709071786333,0.0,3.1903709071786333,False,5
152,4,3,cover,0.9864961438877828,0.43169583123345556,1.4181919751212384,False,5
152,5,2,corer,0.9864961438877828,0.43169583123345556,1.4181919751212384,True,5
153,2,27,fiend,3.478688988342879,0.0,3.478688988342879,False,5
153,3,6,giver,2.245495036798813,0.14873848728090702,2.39423352407972,False,5
153,4,2,timer,2.245495036798813,0.14873848728090702,2.39423352407972,False,5
153,5,1,piper,2.245495036798813,0.14873848728090702,2.39423352407972,True,5
154,2,10,ruddy,2.917992089188093,0.0862602405953228,3.004252329783416,False,3
154,3,1,round,2.917992089188093,0.0862602405953228,3.004252329783416,True,3
155,2,169,mulch,5.22134960510835,0.005701227898226248,5.227050833006577,False,4
155,3,16,goody,3.276242855634696,0.0620977697643773,3.338340625399073,False,4
155,4,1,goofy,3.276242855634696,0.0620977697643773,3.338340625399073,True,4
156,2,28,gulch,4.010426759450907,0.0,4.010426759450907,False,3
156,3,1,eagle,4.010426759450907,0.0,4.010426759450907,True,3
157,2,29,knelt,3.8776077647628067,0.0,3.8776077647628067,False,3
157,3,1,skill,3.8776077647628067,0.0,3.8776077647628067,True,3
158,2,28,empty,3.3209790185055406,0.0,3.3209790185055406,False,3
158,3,5,water,1.3800636389998127,0.23364320901127233,1.613706848011085,True,3
159,2,3,naive,1.5849365981056756,0.33227966414806603,1.9172162622537416,False,3
159,3,1,waive,1.5849365981056756,0.33227966414806603,1.9172162622537416,True,3
160,2,94,clout,5.01226299802091,0.0,5.01226299802091,False,4
160,3,3,today,1.5796380258826164,0.37345675001214473,1.953094775894761,False,4
160,4,1,topaz,1.5796380258826164,0.37345675001214473,1.953094775894761,True,4
161,2,78,crowd,4.371952890460427,0.0,4.371952890460427,False,3
161,3,1,wrack,4.371952890460427,0.0,4.371952890460427,True,3
162,2,8,grass,2.1462555441094855,0.1363615444276059,2.2826170885370916,False,4
162,3,3,crash,0.9432081097030892,0.36063389231318843,1.3038420020162778,False,4
162,4,2,trash,0.9432081097030892,0.36063389231318843,1.3038420020162778,True,4
163,2,4,robin,1.9914841611118286,0.2564810980048192,2.247965259116648,False,3
163,3,1,rigid,1.9914841611118286,0.2564810980048192,2.247965259116648,True,3
164,2,34,until,4.282480676815465,0.0,4.282480676815465,False,4
164,3,2,avail,4.282480676815465,0.0,4.282480676815465,False,4
164,4,1,flail,4.282480676815465,0.0,4.282480676815465,True,4
165,2,103,deter,4.345544290945185,0.009548680565350782,4.355092971510535,False,3
165,3,2,greet,4.345544290945185,0.009548680565350782,4.355092971510535,True,3
166,2,169,mulch,5.22134960510835,0.005701227898226248,5.227050833006577,False,3
166,3,6,bunch,1.9206580297657883,0.17905426540314312,2.0997122951689313,True,3
167,2,3,safer,1.5659308454088814,0.3535096549133545,1.919440500322236,False,3
167,3,1,laser,1.5659308454088814,0.3535096549133545,1.919440500322236,True,3
168,2,5,crisp,1.4032754916930483,0.2129811501567122,1.6162566418497606,False,3
168,3,1,prism,1.4032754916930483,0.2129811501567122,1.6162566418497606,True,3
169,2,122,betel,5.067321848877104,0.00668436560980362,5.074006214486908,False,4
169,3,6,enjoy,2.5737390173432155,0.1883710231343427,2.762110040477558,False,4
169,4,1,endow,2.5737390173432155,0.1883710231343427,2.762110040477558,True,4
170,2,3,naive,1.5849365981056756,0.33227966414806603,1.9172162622537416,True,2
171,2,12,align,3.0913226071715805,0.0921025601779814,3.183425167349562,False,4
171,3,2,avian,3.0913226071715805,0.0921025601779814,3.183425167349562,False,4
171,4,1,axion,3.0913226071715805,0.0921025601779814,3.183425167349562,True,4
172,2,70,cleat,4.660072653042596,0.012616273972314785,4.672688927014911,False,4
172,3,2,pleat,4.660072653042596,0.012616273972314785,4.672688927014911,False,4
172,4,1,bleat,4.660072653042596,0.012616273972314785,4.672688927014911,True,4
173,2,8,salsa,2.7454893705209997,0.14040563427314665,2.8858950047941465,False,3
173,3,2,patsy,2.7454893705209997,0.14040563427314665,2.8858950047941465,True,3
174,2,169,mulch,5.22134960510835,0.005701227898226248,5.227050833006577,False,4
174,3,14,blown,3.4684877429308827,0.07622000297265263,3.544707745903535,False,4
174,4,1,blond,3.4684877429308827,0.07622000297265263,3.544707745903535,True,4
175,2,20,notch,3.479534827255631,0.0,3.479534827255631,False,4
175,3,4,label,1.992047156935808,0.29433297272088876,2.286380129656697,False,4
175,4,1,gavel,1.992047156935808,0.29433297272088876,2.286380129656697,True,4
176,2,35,lipid,4.09883827351893,0.0,4.09883827351893,False,4
176,3,3,given,1.577388120384004,0.36513708492655994,1.942525205310564,False,4
176,4,1,eight,1.577388120384004,0.36513708492655994,1.942525205310564,True,4
177,2,169,mulch,5.22134960510835,0.005701227898226248,5.227050833006577,False,5
177,3,15,funny,2.7531374814959375,0.07989462726159306,2.8330321087575308,False,5
177,4,6,guppy,2.573572026269257,0.14713674753240913,2.720708773801666,False,5
177,5,1,buddy,2.573572026269257,0.14713674753240913,2.720708773801666,True,5
178,2,40,prong,3.9956346776871614,0.0,3.9956346776871614,False,3
178,3,1,borne,3.9956346776871614,0.0,3.9956346776871614,True,3
179,2,17,floss,3.602896277680835,0.06013667528007432,3.6630329529609096,False,3
179,3,2,hussy,3.602896277680835,0.06013667528007432,3.6630329529609096,True,3
180,2,41,spelt,4.4167166368094275,0.021718152088787676,4.438434788898215,False,3
180,3,1,spell,4.4167166368094275,0.021718152088787676,4.438434788898215,True,3
181,2,20,notch,3.479534827255631,0.0,3.479534827255631,False,3
181,3,3,panel,1.5532003789696371,0.3987959447727322,1.9519963237423694,True,3
182,2,80,month,4.5824004036087675,0.0,4.5824004036087675,False,3
182,3,1,bonus,4.5824004036087675,0.0,4.5824004036087675,True,3
183,2,122,betel,5.067321848877104,0.00668436560980362,5.074006214486908,False,5
183,3,14,women,3.1937011017055585,0.0907346308243095,3.284435732529868,False,5
183,4,2,dozen,3.1937011017055585,0.0907346308243095,3.284435732529868,False,5
183,5,1,coven,3.1937011017055585,0.0907346308243095,3.284435732529868,True,5
184,2,20,cloth,3.623175687562422,0.0,3.623175687562422,False,3
184,3,1,tense,3.623175687562422,0.0,3.623175687562422,True,3
185,2,40,prong,3.9956346776871614,0.0,3.9956346776871614,False,3
185,3,2,forge,3.9956346776871614,0.0,3.9956346776871614,True,3
186,2,103,deter,4.345544290945185,0.009548680565350782,4.355092971510535,False,3
186,3,2,femur,4.345544290945185,0.009548680565350782,4.355092971510535,True,3
187,2,61,could,4.7296830030311545,0.0,4.7296830030311545,False,4
187,3,5,theme,2.3068116445678375,0.24306924010918765,2.5498808846770253,False,4
187,4,1,penne,2.3068116445678375,0.24306924010918765,2.5498808846770253,True,4
188,2,92,count,4.245196362820736,0.0,4.245196362820736,False,4
188,3,2,laugh,4.245196362820736,0.0,4.245196362820736,False,4
188,4,1,gaudy,4.245196362820736,0.0,4.245196362820736,True,4
189,2,103,deter,4.345544290945185,0.009548680565350782,4.355092971510535,False,5
189,3,5,udder,1.8321600234947315,0.159219145132532,1.9913791686272635,False,5
189,4,2,order,1.8321600234947315,0.159219145132532,1.9913791686272635,False,5
189,5,1,older,1.8321600234947315,0.159219145132532,1.9913791686272635,True,5
190,2,169,mulch,5.22134960510835,0.005701227898226248,5.227050833006577,False,4
190,3,7,gummy,2.54464111049621,0.13775614921636087,2.682397259712571,False,4
190,4,1,dummy,2.54464111049621,0.13775614921636087,2.682397259712571,True,4
191,2,103,deter,4.345544290945185,0.009548680565350782,4.355092971510535,False,4
191,3,8,merry,2.2597776585575735,0.13073007398327818,2.3905077325408515,False,4
191,4,2,heron,2.2597776585575735,0.13073007398327818,2.3905077325408515,True,4
192,2,92,count,4.245196362820736,0.0,4.245196362820736,False,3
192,3,1,canny,4.245196362820736,0.0,4.245196362820736,True,3
193,2,40,prong,3.9956346776871614,0.0,3.9956346776871614,False,4
193,3,6,trove,1.8159594286847418,0.1521597552468883,1.96811918393163,False,4
193,4,1,drove,1.8159594286847418,0.1521597552468883,1.96811918393163,True,4
194,2,34,bleat,3.8729354751388456,0.0,3.8729354751388456,False,3
194,3,1,alert,3.8729354751388456,0.0,3.8729354751388456,True,3
195,2,108,pilot,4.697164821128426,0.010625798935333771,4.70779062006376,False,3
195,3,1,vomit,4.697164821128426,0.010625798935333771,4.70779062006376,True,3
196,2,29,knelt,3.8776077647628067,0.0,3.8776077647628067,False,3
196,3,6,using,2.2690782560071705,0.19887067651192145,2.467948932519092,True,3
197,2,169,mulch,5.22134960510835,0.005701227898226248,5.227050833006577,False,4
197,3,15,funny,2.7531374814959375,0.07989462726159306,2.8330321087575308,False,4
197,4,1,funky,2.7531374814959375,0.07989462726159306,2.8330321087575308,True,4
198,2,8,nurse,1.7530571384273577,0.13191887391802892,1.8849760123453865,True,2
199,2,40,prong,3.9956346776871614,0.0,3.9956346776871614,False,3
199,3,1,puree,3.9956346776871614,0.0,3.9956346776871614,True,3
200,2,34,until,4.282480676815465,0.0,4.282480676815465,False,3
200,3,3,admit,1.581737885462398,0.3620158807001078,1.943753766162506,True,3
201,2,7,cress,2.1959683131485277,0.11994139882877375,2.3159097119773016,False,3
201,3,1,verso,2.1959683131485277,0.11994139882877375,2.3159097119773016,True,3
202,2,92,count,4.245196362820736,0.0,4.245196362820736,False,4
202,3,7,watch,1.1289124651034985,0.1582295383267696,1.287142003430268,False,4
202,4,1,tacky,1.1289124651034985,0.1582295383267696,1.287142003430268,True,4
203,2,4,large,1.528540332004999,0.2985519513243539,1.827092283329353,True,2
204,2,8,nurse,1.7530571384273577,0.13191887391802892,1.8849760123453865,False,3
204,3,1,prose,1.7530571384273577,0.13191887391802892,1.8849760123453865,True,3
205,2,94,clout,5.01226299802091,0.0,5.01226299802091,False,3
205,3,1,quack,5.01226299802091,0.0,5.01226299802091,True,3
206,2,92,count,4.245196362820736,0.0,4.245196362820736,False,4
206,3,20,madly,3.7053659522157996,0.04851794805295685,3.7538839002687565,False,4
206,4,4,baggy,1.4101860973946183,0.24062277531161824,1.6508088727062367,True,4
207,2,103,deter,4.345544290945185,0.009548680565350782,4.355092971510535,False,5
207,3,8,merry,2.2597776585575735,0.13073007398327818,2.3905077325408515,False,5
207,4,2,perky,2.2597776585575735,0.13073007398327818,2.3905077325408515,False,5
207,5,1,jerky,2.2597776585575735,0.13073007398327818,2.3905077325408515,True,5
208,2,41,spelt,4.4167166368094275,0.021718152088787676,4.438434788898215,False,3
208,3,2,sheen,4.4167166368094275,0.021718152088787676,4.438434788898215,True,3
209,2,28,crypt,3.4932541600233598,0.0,3.4932541600233598,False,4
209,3,9,grind,2.754347042136841,0.11301008369165368,2.8673571258284944,False,4
209,4,1,drink,2.754347042136841,0.11301008369165368,2.8673571258284944,True,4
210,2,103,count,4.935951598196658,0.0,4.935951598196658,False,3
210,3,1,gourd,4.935951598196658,0.0,4.935951598196658,True,3
211,2,108,pilot,4.697164821128426,0.010625798935333771,4.70779062006376,False,3
211,3,3,fluid,1.5729332652824326,0.3851561385783457,1.9580894038607783,True,3
212,2,4,stein,1.991836608006058,0.2861933610266676,2.2780299690327257,False,3
212,3,1,islet,1.991836608006058,0.2861933610266676,2.2780299690327257,True,3
213,2,20,tonal,3.770466915690223,0.0,3.770466915690223,False,3
213,3,3,pasta,1.5789231607375616,0.3736036500340222,1.9525268107715839,True,3
214,2,26,lingo,3.72052858222838,0.0,3.72052858222838,False,4
214,3,3,title,1.5709845676071925,0.3739670048120663,1.9449515724192588,False,4
214,4,1,bible,1.5709845676071925,0.3739670048120663,1.9449515724192588,True,4
215,2,80,month,4.5824004036087675,0.0,4.5824004036087675,False,3
215,3,7,slunk,2.5038263570831676,0.11672387246997012,2.6205502295531375,True,3
216,2,9,sauce,1.8459647416331548,0.1221455594765204,1.9681103011096752,False,3
216,3,5,waste,0.7728202321537083,0.2270426413810907,0.999862873534799,True,3
217,2,92,count,4.245196362820736,0.0,4.245196362820736,False,6
217,3,6,haunt,0.7100565804821772,0.1941421697223382,0.9041987502045155,False,6
217,4,5,gaunt,0.764263385717671,0.2222548022308189,0.9865181879484899,False,6
217,5,4,taunt,0.858937176724432,0.282576063198848,1.1415132399232801,False,6
217,6,3,jaunt,0.9563625431554812,0.37764607968281594,1.3340086228382972,True,6
218,2,41,bland,3.8456913286080283,0.0,3.8456913286080283,False,3
218,3,1,anode,3.8456913286080283,0.0,3.8456913286080283,True,3
219,2,61,could,4.7296830030311545,0.0,4.7296830030311545,False,4
219,3,4,phone,1.9933588551251147,0.28373318600207803,2.277092041127193,False,4
219,4,1,gnome,1.9933588551251147,0.28373318600207803,2.277092041127193,True,4
220,2,12,align,3.0913226071715805,0.0921025601779814,3.183425167349562,False,4
220,3,2,axiom,3.0913226071715805,0.0921025601779814,3.183425167349562,False,4
220,4,1,amity,3.0913226071715805,0.0921025601779814,3.183425167349562,True,4
221,2,51,blunt,4.292231515194711,0.0,4.292231515194711,False,3
221,3,3,click,1.5784607542984108,0.37731286938306763,1.9557736236814784,True,3
222,2,61,could,4.7296830030311545,0.0,4.7296830030311545,False,3
222,3,4,hence,1.4890726408375943,0.27764948099573117,1.7667221218333253,True,3
223,2,61,could,4.7296830030311545,0.0,4.7296830030311545,False,4
223,3,2,hedge,4.7296830030311545,0.0,4.7296830030311545,False,4
223,4,1,wedge,4.7296830030311545,0.0,4.7296830030311545,True,4
224,2,103,count,4.935951598196658,0.0,4.935951598196658,False,3
224,3,1,horny,4.935951598196658,0.0,4.935951598196658,True,3
225,2,61,could,4.7296830030311545,0.0,4.7296830030311545,False,3
225,3,1,whole,4.7296830030311545,0.0,4.7296830030311545,True,3
226,2,108,pilot,4.697164821128426,0.010625798935333771,4.70779062006376,False,4
226,3,16,windy,3.2157677330063636,0.06770809730809803,3.2834758303144618,False,4
226,4,2,jiffy,3.2157677330063636,0.06770809730809803,3.2834758303144618,True,4
227,2,44,plant,4.239582143153527,0.0,4.239582143153527,False,3
227,3,1,slang,4.239582143153527,0.0,4.239582143153527,True,3
228,2,4,trial,1.5341306101284027,0.2954515605840976,1.8295821707125004,True,2
229,2,41,spelt,4.4167166368094275,0.021718152088787676,4.438434788898215,False,4
229,3,4,shell,1.5166676505177787,0.26232127244315273,1.7789889229609315,False,4
229,4,1,shelf,1.5166676505177787,0.26232127244315273,1.7789889229609315,True,4
230,2,17,tripe,2.150723725386372,0.04783081337738305,2.198554538763755,False,5
230,3,3,tribe,0.9590521293280125,0.38143917669716226,1.3404913060251749,False,5
230,4,2,trice,0.9590521293280125,0.38143917669716226,1.3404913060251749,False,5
230,5,1,trite,0.9590521293280125,0.38143917669716226,1.3404913060251749,True,5
231,2,51,blunt,4.292231515194711,0.0,4.292231515194711,False,4
231,3,4,which,1.983014385366752,0.30752738643790795,2.29054177180466,False,4
231,4,1,whiff,1.983014385366752,0.30752738643790795,2.29054177180466,True,4
232,2,70,cleat,4.660072653042596,0.012616273972314785,4.672688927014911,False,3
232,3,1,cheat,4.660072653042596,0.012616273972314785,4.672688927014911,True,3
233,2,6,rogue,2.5826555684900923,0.1682007899703071,2.7508563584603993,False,3
233,3,1,rouge,2.5826555684900923,0.1682007899703071,2.7508563584603993,True,3
234,2,28,crypt,3.4932541600233598,0.0,3.4932541600233598,False,3
234,3,2,whirl,3.4932541600233598,0.0,3.4932541600233598,True,3
235,2,22,shalt,3.453410506083153,0.0,3.453410506083153,False,3
235,3,3,awash,0.9353768609228688,0.35147318884239154,1.2868500497652602,True,3
236,2,5,siege,2.303951691279312,0.19551988387636618,2.4994715751556784,True,2
237,2,23,cloth,3.905401798674347,0.0,3.905401798674347,False,4
237,3,2,glide,3.905401798674347,0.0,3.905401798674347,False,4
237,4,1,elide,3.905401798674347,0.0,3.905401798674347,True,4
238,2,20,could,3.38460977638414,0.0,3.38460977638414,False,5
238,3,3,rebel,0.9515726644597835,0.37117847928752057,1.322751143747304,False,5
238,4,2,revel,0.9515726644597835,0.37117847928752057,1.322751143747304,False,5
238,5,1,repel,0.9515726644597835,0.37117847928752057,1.322751143747304,True,5
239,2,8,nurse,1.7530571384273577,0.13191887391802892,1.8849760123453865,False,4
239,3,2,purse,1.7530571384273577,0.13191887391802892,1.8849760123453865,False,4
239,4,1,curse,1.7530571384273577,0.13191887391802892,1.8849760123453865,True,4
240,2,44,plant,4.239582143153527,0.0,4.239582143153527,False,4
240,3,5,small,1.9720931450048735,0.24208806428129642,2.21418120928617,False,4
240,4,2,scaly,1.9720931450048735,0.24208806428129642,2.21418120928617,True,4
241,2,103,count,4.935951598196658,0.0,4.935951598196658,False,3
241,3,1,crown,4.935951598196658,0.0,4.935951598196658,True,3
242,2,103,deter,4.345544290945185,0.009548680565350782,4.355092971510535,False,3
242,3,1,every,4.345544290945185,0.009548680565350782,4.355092971510535,True,3
243,2,8,nurse,1.7530571384273577,0.13191887391802892,1.8849760123453865,False,3
243,3,2,purse,1.7530571384273577,0.13191887391802892,1.8849760123453865,True,3
244,2,92,count,4.245196362820736,0.0,4.245196362820736,False,4
244,3,20,madly,3.7053659522157996,0.04851794805295685,3.7538839002687565,False,4
244,4,1,kappa,3.7053659522157996,0.04851794805295685,3.7538839002687565,True,4
245,2,41,spelt,4.4167166368094275,0.021718152088787676,4.438434788898215,False,3
245,3,1,steel,4.4167166368094275,0.021718152088787676,4.438434788898215,True,3
246,2,80,month,4.5824004036087675,0.0,4.5824004036087675,False,4
246,3,7,stoop,2.2035669535781635,0.12217558579821931,2.3257425393763826,False,4
246,4,1,spout,2.2035669535781635,0.12217558579821931,2.3257425393763826,True,4
247,2,21,splat,3.4382184230394266,0.0,3.4382184230394266,False,3
247,3,2,straw,3.4382184230394266,0.0,3.4382184230394266,True,3
248,2,103,count,4.935951598196658,0.0,4.935951598196658,False,3
248,3,3,curry,0.9387209098290614,0.3553097336815335,1.2940306435105948,True,3
249,2,122,betel,5.067321848877104,0.00668436560980362,5.074006214486908,False,3
249,3,4,lumen,1.9980285951145138,0.26516666152542745,2.2631952566399414,True,3
250,2,103,count,4.935951598196658,0.0,4.935951598196658,False,4
250,3,3,dryly,1.5833027499276535,0.32243132437583216,1.9057340743034856,False,4
250,4,1,myrrh,1.5833027499276535,0.32243132437583216,1.9057340743034856,True,4
251,2,70,cleat,4.660072653042596,0.012616273972314785,4.672688927014911,False,3
251,3,2,decal,4.660072653042596,0.012616273972314785,4.672688927014911,True,3
252,2,103,deter,4.345544290945185,0.009548680565350782,4.355092971510535,False,5
252,3,8,merry,2.2597776585575735,0.13073007398327818,2.3905077325408515,False,5
252,4,2,heron,2.2597776585575735,0.13073007398327818,2.3905077325408515,False,5
252,5,1,perch,2.2597776585575735,0.13073007398327818,2.3905077325408515,True,5
253,2,78,crowd,4.371952890460427,0.0,4.371952890460427,False,4
253,3,4,arbor,1.9996134686086395,0.24961027665111865,2.249223745259758,False,4
253,4,1,armor,1.9996134686086395,0.24961027665111865,2.249223745259758,True,4
254,2,61,could,4.7296830030311545,0.0,4.7296830030311545,False,4
254,3,4,flute,1.5256201822611866,0.27373708016400494,1.7993572624251915,False,4
254,4,1,plume,1.5256201822611866,0.27373708016400494,1.7993572624251915,True,4
255,2,80,month,4.5824004036087675,0.0,4.5824004036087675,False,3
255,3,3,study,0.9319181328760706,0.3476129517956793,1.27953108467175,True,3
256,2,12,steak,3.009167190314376,0.08468619604188704,3.093853386356263,False,3
256,3,1,essay,3.009167190314376,0.08468619604188704,3.093853386356263,True,3
257,2,80,month,4.5824004036087675,0.0,4.5824004036087675,False,5
257,3,7,stoop,2.2035669535781635,0.12217558579821931,2.3257425393763826,False,5
257,4,2,stock,2.2035669535781635,0.12217558579821931,2.3257425393763826,False,5
257,5,1,stout,2.2035669535781635,0.12217558579821931,2.3257425393763826,True,5
258,2,29,knelt,3.8776077647628067,0.0,3.8776077647628067,False,4
258,3,6,using,2.2690782560071705,0.19887067651192145,2.467948932519092,False,4
258,4,1,swing,2.2690782560071705,0.19887067651192145,2.467948932519092,True,4
259,2,5,alive,1.9131371113386098,0.20826595420298796,2.121403065541598,False,3
259,3,2,anime,1.9131371113386098,0.20826595420298796,2.121403065541598,True,3
260,2,13,crust,3.411112677482356,0.07466477032407974,3.485777447806436,False,4
260,3,2,frost,3.411112677482356,0.07466477032407974,3.485777447806436,False,4
260,4,1,tryst,3.411112677482356,0.07466477032407974,3.485777447806436,True,4
261,2,108,pilot,4.697164821128426,0.010625798935333771,4.70779062006376,False,5
261,3,16,windy,3.2157677330063636,0.06770809730809803,3.2834758303144618,False,5
261,4,2,jiffy,3.2157677330063636,0.06770809730809803,3.2834758303144618,False,5
261,5,1,fizzy,3.2157677330063636,0.06770809730809803,3.2834758303144618,True,5
262,2,4,stein,1.991836608006058,0.2861933610266676,2.2780299690327257,False,3
262,3,1,sheik,1.991836608006058,0.2861933610266676,2.2780299690327257,True,3
263,2,103,deter,4.345544290945185,0.009548680565350782,4.355092971510535,False,4
263,3,27,comfy,3.1903709071786333,0.0,3.1903709071786333,False,4
263,4,1,owner,3.1903709071786333,0.0,3.1903709071786333,True,4
264,2,92,count,4.245196362820736,0.0,4.245196362820736,False,4
264,3,2,candy,4.245196362820736,0.0,4.245196362820736,False,4
264,4,1,canal,4.245196362820736,0.0,4.245196362820736,True,4
265,2,34,bleat,3.8729354751388456,0.0,3.8729354751388456,False,4
265,3,2,learn,3.8729354751388456,0.0,3.8729354751388456,False,4
265,4,1,pearl,3.8729354751388456,0.0,3.8729354751388456,True,4
266,2,94,clout,5.01226299802091,0.0,5.01226299802091,False,3
266,3,1,atoll,5.01226299802091,0.0,5.01226299802091,True,3
267,2,103,deter,4.345544290945185,0.009548680565350782,4.355092971510535,False,5
267,3,27,comfy,3.1903709071786333,0.0,3.1903709071786333,False,5
267,4,9,power,1.942678357030259,0.13209227234092644,2.0747706293711854,False,5
267,5,1,wooer,1.942678357030259,0.13209227234092644,2.0747706293711854,True,5
268,2,27,fiend,3.478688988342879,0.0,3.478688988342879,False,4
268,3,2,merit,3.478688988342879,0.0,3.478688988342879,False,4
268,4,1,peril,3.478688988342879,0.0,3.478688988342879,True,4
269,2,40,prong,3.9956346776871614,0.0,3.9956346776871614,False,3
269,3,1,chore,3.9956346776871614,0.0,3.9956346776871614,True,3
270,2,34,until,4.282480676815465,0.0,4.282480676815465,False,3
270,3,2,claim,4.282480676815465,0.0,4.282480676815465,True,3
271,2,9,randy,2.4427334923161865,0.1187327938610011,2.5614662861771875,False,3
271,3,1,ranch,2.4427334923161865,0.1187327938610011,2.5614662861771875,True,3
272,2,17,tripe,2.150723725386372,0.04783081337738305,2.198554538763755,False,3
272,3,4,price,0.841393621836322,0.26995051670748055,1.1113441385438025,True,3
273,2,15,edict,3.0994820351323993,0.06476195069248716,3.1642439858248865,False,4
273,3,4,weigh,1.9786914891661602,0.2645939690950002,2.2432854582611603,False,4
273,4,1,being,1.9786914891661602,0.2645939690950002,2.2432854582611603,True,4
274,2,78,crowd,4.371952890460427,0.0,4.371952890460427,False,4
274,3,11,altar,3.284432659886896,0.09096289031997906,3.375395550206875,False,4
274,4,1,quart,3.284432659886896,0.09096289031997906,3.375395550206875,True,4
275,2,122,betel,5.067321848877104,0.00668436560980362,5.074006214486908,False,4
275,3,2,bench,5.067321848877104,0.00668436560980362,5.074006214486908,False,4
275,4,1,begun,5.067321848877104,0.00668436560980362,5.074006214486908,True,4
276,2,92,count,4.245196362820736,0.0,4.245196362820736,False,4
276,3,9,fatty,2.4479587941666523,0.12266754257299578,2.570626336739648,False,4
276,4,3,patty,0.9521352588422854,0.37192044835167853,1.324055707193964,True,4
277,2,103,count,4.935951598196658,0.0,4.935951598196658,False,3
277,3,3,honor,1.581821297103753,0.35538249271627803,1.9372037898200312,True,3
278,2,122,betel,5.067321848877104,0.00668436560980362,5.074006214486908,False,4
278,3,4,wheel,1.497273529611697,0.2814416105383341,1.7787151401500312,False,4
278,4,2,excel,1.497273529611697,0.2814416105383341,1.7787151401500312,True,4
279,2,28,crypt,3.4932541600233598,0.0,3.4932541600233598,False,4
279,3,2,prior,3.4932541600233598,0.0,3.4932541600233598,False,4
279,4,1,primo,3.4932541600233598,0.0,3.4932541600233598,True,4
280,2,6,missy,2.2770664379694727,0.17326813617114767,2.45033457414062,True,2
281,2,169,mulch,5.22134960510835,0.005701227898226248,5.227050833006577,False,3
281,3,3,block,0.9354335928114104,0.3515373979898992,1.2869709908013096,True,3
282,2,108,pilot,4.697164821128426,0.010625798935333771,4.70779062006376,False,4
282,3,3,fluid,1.5729332652824326,0.3851561385783457,1.9580894038607783,False,4
282,4,1,lucid,1.5729332652824326,0.3851561385783457,1.9580894038607783,True,4
283,2,20,notch,3.479534827255631,0.0,3.479534827255631,False,4
283,3,2,cadet,3.479534827255631,0.0,3.479534827255631,False,4
283,4,1,facet,3.479534827255631,0.0,3.479534827255631,True,4
284,2,26,cloth,3.451017859683121,0.0,3.451017859683121,False,3
284,3,6,major,1.9242746152708134,0.1835649002357578,2.1078395155065714,True,3
285,2,13,relay,2.8454359750373377,0.08153663531164862,2.926972610348986,False,4
285,3,3,rehab,1.5793187397164918,0.3614743601401863,1.9407930998566782,False,4
285,4,1,recap,1.5793187397164918,0.3614743601401863,1.9407930998566782,True,4
286,2,122,betel,5.067321848877104,0.00668436560980362,5.074006214486908,False,4
286,3,6,depth,2.5824754443377254,0.18214397525024048,2.764619419587966,False,4
286,4,1,teddy,2.5824754443377254,0.18214397525024048,2.764619419587966,True,4
287,2,103,count,4.935951598196658,0.0,4.935951598196658,False,3
287,3,3,honor,1.581821297103753,0.35538249271627803,1.9372037898200312,True,3
288,2,4,wiser,1.9972495067392573,0.2501606185851722,2.2474101253244294,False,3
288,3,1,siren,1.9972495067392573,0.2501606185851722,2.2474101253244294,True,3
289,2,4,raven,1.5013945336460284,0.27324090864015405,1.7746354422861823,True,2
290,2,34,until,4.282480676815465,0.0,4.282480676815465,False,4
290,3,3,avoid,1.5727790504844572,0.39513878711085276,1.96791783759531,False,4
290,4,1,aphid,1.5727790504844572,0.39513878711085276,1.96791783759531,True,4
291,2,17,stone,2.9831899189352837,0.06667579439689536,3.049865713332179,False,3
291,3,1,ensue,2.9831899189352837,0.06667579439689536,3.049865713332179,True,3
292,2,169,mulch,5.22134960510835,0.005701227898226248,5.227050833006577,False,3
292,3,2,mogul,5.22134960510835,0.005701227898226248,5.227050833006577,True,3
293,2,14,panic,3.0699641623010296,0.07632090981424908,3.146285072115279,False,3
293,3,1,patio,3.0699641623010296,0.07632090981424908,3.146285072115279,True,3
294,2,70,cleat,4.660072653042596,0.012616273972314785,4.672688927014911,False,4
294,3,3,began,1.574259144408958,0.38186218580013037,1.9561213302090883,False,4
294,4,1,kebab,1.574259144408958,0.38186218580013037,1.9561213302090883,True,4
295,2,12,steak,3.009167190314376,0.08468619604188704,3.093853386356263,False,4
295,3,3,steam,0.9379909209727884,0.35446307153470835,1.2924539925074967,False,4
295,4,2,steal,0.9379909209727884,0.35446307153470835,1.2924539925074967,True,4
296,2,94,clout,5.01226299802091,0.0,5.01226299802091,False,4
296,3,3,coach,1.5832073673568179,0.35651904229906894,1.9397264096558868,False,4
296,4,1,comma,1.5832073673568179,0.35651904229906894,1.9397264096558868,True,4
297,2,17,tripe,2.150723725386372,0.04783081337738305,2.198554538763755,False,4
297,3,7,bride,1.8656093866155652,0.14913720086646895,2.0147465874820343,False,4
297,4,2,brine,1.8656093866155652,0.14913720086646895,2.0147465874820343,True,4
298,2,169,mulch,5.22134960510835,0.005701227898226248,5.227050833006577,False,4
298,3,2,plump,5.22134960510835,0.005701227898226248,5.227050833006577,False,4
298,4,1,plumb,5.22134960510835,0.005701227898226248,5.227050833006577,True,4
299,2,3,email,1.5838738983650669,0.34546202726150643,1.9293359256265732,True,2
300,2,122,betel,5.067321848877104,0.00668436560980362,5.074006214486908,False,3
300,3,1,tenet,5.067321848877104,0.00668436560980362,5.074006214486908,True,3
301,2,41,spelt,4.4167166368094275,0.021718152088787676,4.438434788898215,False,3
301,3,1,spent,4.4167166368094275,0.021718152088787676,4.438434788898215,True,3
302,2,41,bland,3.8456913286080283,0.0,3.8456913286080283,False,5
302,3,10,weave,2.184997739097101,0.10492260933937213,2.289920348436473,False,5
302,4,5,agate,1.9218851187666326,0.2045489890067837,2.126434107773416,False,5
302,5,2,quake,1.9218851187666326,0.2045489890067837,2.126434107773416,True,5
303,2,108,pilot,4.697164821128426,0.010625798935333771,4.70779062006376,False,4
303,3,14,width,3.0823075615377693,0.08225851525834274,3.164566076796112,False,4
303,4,4,kitty,1.5011507779873687,0.27456279055265687,1.7757135685400256,True,4
304,2,7,stain,2.801793990755532,0.14794587742962445,2.9497398681851563,False,3
304,3,1,slain,2.801793990755532,0.14794587742962445,2.9497398681851563,True,3
305,2,40,prong,3.9956346776871614,0.0,3.9956346776871614,False,3
305,3,2,prove,3.9956346776871614,0.0,3.9956346776871614,True,3
306,2,28,crypt,3.4932541600233598,0.0,3.4932541600233598,False,3
306,3,9,grind,2.754347042136841,0.11301008369165368,2.8673571258284944,True,3
307,2,6,missy,2.2770664379694727,0.17326813617114767,2.45033457414062,False,3
307,3,1,midst,2.2770664379694727,0.17326813617114767,2.45033457414062,True,3
308,2,80,month,4.5824004036087675,0.0,4.5824004036087675,False,4
308,3,3,study,0.9319181328760706,0.3476129517956793,1.27953108467175,False,4
308,4,2,stuff,0.9319181328760706,0.3476129517956793,1.27953108467175,True,4
309,2,9,sauce,1.8459647416331548,0.1221455594765204,1.9681103011096752,False,4
309,3,5,waste,0.7728202321537083,0.2270426413810907,0.999862873534799,False,4
309,4,4,taste,0.8602299268385512,0.2835402565549552,1.1437701833935063,True,4
310,2,28,crypt,3.4932541600233598,0.0,3.4932541600233598,False,4
310,3,9,grind,2.754347042136841,0.11301008369165368,2.8673571258284944,False,4
310,4,2,krill,2.754347042136841,0.11301008369165368,2.8673571258284944,True,4
311,2,29,knelt,3.8776077647628067,0.0,3.8776077647628067,False,3
311,3,2,shift,3.8776077647628067,0.0,3.8776077647628067,True,3
312,2,26,lingo,3.72052858222838,0.0,3.72052858222838,False,3
312,3,2,cutie,3.72052858222838,0.0,3.72052858222838,True,3
313,2,26,cloth,3.451017859683121,0.0,3.451017859683121,False,4
313,3,6,major,1.9242746152708134,0.1835649002357578,2.1078395155065714,False,4
313,4,2,mayor,1.9242746152708134,0.1835649002357578,2.1078395155065714,True,4
314,2,28,crypt,3.4932541600233598,0.0,3.4932541600233598,False,4
314,3,9,grind,2.754347042136841,0.11301008369165368,2.8673571258284944,False,4
314,4,1,grill,2.754347042136841,0.11301008369165368,2.8673571258284944,True,4
315,2,28,crypt,3.4932541600233598,0.0,3.4932541600233598,False,4
315,3,2,prior,3.4932541600233598,0.0,3.4932541600233598,False,4
315,4,1,primo,3.4932541600233598,0.0,3.4932541600233598,True,4
316,2,92,count,4.245196362820736,0.0,4.245196362820736,False,5
316,3,9,fatty,2.4479587941666523,0.12266754257299578,2.570626336739648,False,5
316,4,3,patty,0.9521352588422854,0.37192044835167853,1.324055707193964,False,5
316,5,2,batty,0.9521352588422854,0.37192044835167853,1.324055707193964,True,5
317,2,108,pilot,4.697164821128426,0.010625798935333771,4.70779062006376,False,6
317,3,6,night,1.2586842206998543,0.17858518135919163,1.437269402059046,False,6
317,4,4,might,0.8400341450492084,0.2690056221781197,1.109039767227328,False,6
317,5,3,fight,0.9344784496157139,0.3504602763872131,1.284938726002927,False,6
317,6,2,tight,0.9344784496157139,0.3504602763872131,1.284938726002927,True,6
318,2,78,crowd,4.371952890460427,0.0,4.371952890460427,False,3
318,3,2,coral,4.371952890460427,0.0,4.371952890460427,True,3
319,2,23,thong,3.966481601291152,0.0,3.966481601291152,False,3
319,3,1,vigor,3.966481601291152,0.0,3.966481601291152,True,3
320,2,28,crypt,3.4932541600233598,0.0,3.4932541600233598,False,3
320,3,1,brick,3.4932541600233598,0.0,3.4932541600233598,True,3
321,2,108,pilot,4.697164821128426,0.010625798935333771,4.70779062006376,False,5
321,3,14,width,3.0823075615377693,0.08225851525834274,3.164566076796112,False,5
321,4,4,kitty,1.5011507779873687,0.27456279055265687,1.7757135685400256,False,5
321,5,1,bitty,1.5011507779873687,0.27456279055265687,1.7757135685400256,True,5
322,2,103,count,4.935951598196658,0.0,4.935951598196658,False,3
322,3,3,truth,0.9331228900091807,0.34894563334246276,1.2820685233516436,True,3
323,2,27,fiend,3.478688988342879,0.0,3.478688988342879,False,4
323,3,6,giver,2.245495036798813,0.14873848728090702,2.39423352407972,False,4
323,4,2,timer,2.245495036798813,0.14873848728090702,2.39423352407972,True,4
324,2,169,mulch,5.22134960510835,0.005701227898226248,5.227050833006577,False,4
324,3,15,funny,2.7531374814959375,0.07989462726159306,2.8330321087575308,False,4
324,4,1,nutty,2.7531374814959375,0.07989462726159306,2.8330321087575308,True,4
325,2,4,hairy,1.48456767903885,0.2673553540131661,1.7519230330520161,False,3
325,3,1,cairn,1.48456767903885,0.2673553540131661,1.7519230330520161,True,3
326,2,26,cloth,3.451017859683121,0.0,3.451017859683121,False,5
326,3,6,major,1.9242746152708134,0.1835649002357578,2.1078395155065714,False,5
326,4,2,mayor,1.9242746152708134,0.1835649002357578,2.1078395155065714,False,5
326,5,1,manor,1.9242746152708134,0.1835649002357578,2.1078395155065714,True,5
327,2,108,pilot,4.697164821128426,0.010625798935333771,4.70779062006376,False,3
327,3,1,inbox,4.697164821128426,0.010625798935333771,4.70779062006376,True,3
328,2,78,crowd,4.371952890460427,0.0,4.371952890460427,False,4
328,3,4,arbor,1.9996134686086395,0.24961027665111865,2.249223745259758,False,4
328,4,1,armor,1.9996134686086395,0.24961027665111865,2.249223745259758,True,4
329,2,10,ruddy,2.917992089188093,0.0862602405953228,3.004252329783416,False,3
329,3,1,rowdy,2.917992089188093,0.0862602405953228,3.004252329783416,True,3
330,2,34,until,4.282480676815465,0.0,4.282480676815465,False,4
330,3,3,villa,1.5828081555915872,0.3589248846782482,1.9417330402698354,False,4
330,4,1,viola,1.5828081555915872,0.3589248846782482,1.9417330402698354,True,4
331,2,20,tonal,3.770466915690223,0.0,3.770466915690223,False,3
331,3,1,mason,3.770466915690223,0.0,3.770466915690223,True,3
332,2,28,crypt,3.4932541600233598,0.0,3.4932541600233598,False,3
332,3,1,prick,3.4932541600233598,0.0,3.4932541600233598,True,3
333,2,103,deter,4.345544290945185,0.009548680565350782,4.355092971510535,False,4
333,3,8,merry,2.2597776585575735,0.13073007398327818,2.3905077325408515,False,4
333,4,1,mercy,2.2597776585575735,0.13073007398327818,2.3905077325408515,True,4
334,2,169,mulch,5.22134960510835,0.005701227898226248,5.227050833006577,False,4
334,3,2,clown,5.22134960510835,0.005701227898226248,5.227050833006577,False,4
334,4,1,coyly,5.22134960510835,0.005701227898226248,5.227050833006577,True,4
335,2,22,shalt,3.453410506083153,0.0,3.453410506083153,False,4
335,3,2,flash,3.453410506083153,0.0,3.453410506083153,False,4
335,4,1,clash,3.453410506083153,0.0,3.453410506083153,True,4
336,2,94,clout,5.01226299802091,0.0,5.01226299802091,False,3
336,3,3,coach,1.5832073673568179,0.35651904229906894,1.9397264096558868,True,3
337,2,122,betel,5.067321848877104,0.00668436560980362,5.074006214486908,False,4
337,3,6,depth,2.5824754443377254,0.18214397525024048,2.764619419587966,False,4
337,4,1,tenth,2.5824754443377254,0.18214397525024048,2.764619419587966,True,4
338,2,12,align,3.0913226071715805,0.0921025601779814,3.183425167349562,False,4
338,3,2,axiom,3.0913226071715805,0.0921025601779814,3.183425167349562,False,4
338,4,1,amity,3.0913226071715805,0.0921025601779814,3.183425167349562,True,4
339,2,70,cleat,4.660072653042596,0.012616273972314785,4.672688927014911,False,4
339,3,6,fella,2.5746081882605765,0.16724997828912494,2.7418581665497013,False,4
339,4,1,leaky,2.5746081882605765,0.16724997828912494,2.7418581665497013,True,4
340,2,169,mulch,5.22134960510835,0.005701227898226248,5.227050833006577,False,5
340,3,4,touch,0.8546881486817759,0.2794410975751584,1.1341292462569343,False,5
340,4,3,couch,0.9358730807001734,0.3520358144770534,1.2879088951772268,False,5
340,5,2,pouch,0.9358730807001734,0.3520358144770534,1.2879088951772268,True,5
341,2,29,knelt,3.8776077647628067,0.0,3.8776077647628067,False,3
341,3,1,skill,3.8776077647628067,0.0,3.8776077647628067,True,3
342,2,20,notch,3.479534827255631,0.0,3.479534827255631,False,4
342,3,2,camel,3.479534827255631,0.0,3.479534827255631,False,4
342,4,1,cagey,3.479534827255631,0.0,3.479534827255631,True,4
343,2,21,splat,3.4382184230394266,0.0,3.4382184230394266,False,3
343,3,2,start,3.4382184230394266,0.0,3.4382184230394266,True,3
344,2,169,mulch,5.22134960510835,0.005701227898226248,5.227050833006577,False,4
344,3,8,flunk,2.9802658509155293,0.10230611341063474,3.082571964326164,False,4
344,4,1,plunk,2.9802658509155293,0.10230611341063474,3.082571964326164,True,4
345,2,40,prong,3.9956346776871614,0.0,3.9956346776871614,False,4
345,3,2,prove,3.9956346776871614,0.0,3.9956346776871614,False,4
345,4,1,probe,3.9956346776871614,0.0,3.9956346776871614,True,4
346,2,40,prong,3.9956346776871614,0.0,3.9956346776871614,False,4
346,3,6,trove,1.8159594286847418,0.1521597552468883,1.96811918393163,False,4
346,4,1,drove,1.8159594286847418,0.1521597552468883,1.96811918393163,True,4
347,2,70,cleat,4.660072653042596,0.012616273972314785,4.672688927014911,False,3
347,3,4,leapt,1.9905707630874887,0.248887921508532,2.2394586845960207,True,3
348,2,122,betel,5.067321848877104,0.00668436560980362,5.074006214486908,False,4
348,3,6,depth,2.5824754443377254,0.18214397525024048,2.764619419587966,False,4
348,4,1,tempo,2.5824754443377254,0.18214397525024048,2.764619419587966,True,4
349,2,169,mulch,5.22134960510835,0.005701227898226248,5.227050833006577,False,4
349,3,2,thumb,5.22134960510835,0.005701227898226248,5.227050833006577,False,4
349,4,1,thump,5.22134960510835,0.005701227898226248,5.227050833006577,True,4
350,2,1,first,5.22134960510835,0.005701227898226248,5.227050833006577,True,2
351,2,28,gulch,4.010426759450907,0.0,4.010426759450907,False,3
351,3,3,maybe,1.5779682119159508,0.3759249169290669,1.9538931288450176,True,3
352,2,51,blunt,4.292231515194711,0.0,4.292231515194711,False,4
352,3,2,guild,4.292231515194711,0.0,4.292231515194711,False,4
352,4,1,quill,4.292231515194711,0.0,4.292231515194711,True,4
353,2,27,fiend,3.478688988342879,0.0,3.478688988342879,False,4
353,3,3,wider,1.5839372451776619,0.350711640695835,1.934648885873497,False,4
353,4,1,cider,1.5839372451776619,0.350711640695835,1.934648885873497,True,4
354,2,94,clout,5.01226299802091,0.0,5.01226299802091,False,4
354,3,2,junta,5.01226299802091,0.0,5.01226299802091,False,4
354,4,1,aunty,5.01226299802091,0.0,5.01226299802091,True,4
355,2,70,cleat,4.660072653042596,0.012616273972314785,4.672688927014911,False,4
355,3,6,fella,2.5746081882605765,0.16724997828912494,2.7418581665497013,False,4
355,4,1,leaky,2.5746081882605765,0.16724997828912494,2.7418581665497013,True,4
356,2,80,month,4.5824004036087675,0.0,4.5824004036087675,False,4
356,3,2,smoky,4.5824004036087675,0.0,4.5824004036087675,False,4
356,4,1,smock,4.5824004036087675,0.0,4.5824004036087675,True,4
357,2,61,could,4.7296830030311545,0.0,4.7296830030311545,False,3
357,3,4,phone,1.9933588551251147,0.28373318600207803,2.277092041127193,True,3
358,2,41,spelt,4.4167166368094275,0.021718152088787676,4.438434788898215,False,3
358,3,2,seven,4.4167166368094275,0.021718152088787676,4.438434788898215,True,3
359,2,80,month,4.5824004036087675,0.0,4.5824004036087675,False,3
359,3,1,gusto,4.5824004036087675,0.0,4.5824004036087675,True,3
360,2,41,spelt,4.4167166368094275,0.021718152088787676,4.438434788898215,False,3
360,3,1,spent,4.4167166368094275,0.021718152088787676,4.438434788898215,True,3
361,2,169,mulch,5.22134960510835,0.005701227898226248,5.227050833006577,False,4
361,3,14,blown,3.4684877429308827,0.07622000297265263,3.544707745903535,False,4
361,4,1,lobby,3.4684877429308827,0.07622000297265263,3.544707745903535,True,4
362,2,26,cloth,3.451017859683121,0.0,3.451017859683121,False,4
362,3,6,major,1.9242746152708134,0.1835649002357578,2.1078395155065714,False,4
362,4,1,baron,1.9242746152708134,0.1835649002357578,2.1078395155065714,True,4
363,2,78,crowd,4.371952890460427,0.0,4.371952890460427,False,4
363,3,11,altar,3.284432659886896,0.09096289031997906,3.375395550206875,False,4
363,4,1,alarm,3.284432659886896,0.09096289031997906,3.375395550206875,True,4
364,2,44,plant,4.239582143153527,0.0,4.239582143153527,False,3
364,3,1,slant,4.239582143153527,0.0,4.239582143153527,True,3
365,2,26,lingo,3.72052858222838,0.0,3.72052858222838,False,3
365,3,1,midge,3.72052858222838,0.0,3.72052858222838,True,3
366,2,41,spelt,4.4167166368094275,0.021718152088787676,4.438434788898215,False,3
366,3,1,setup,4.4167166368094275,0.021718152088787676,4.438434788898215,True,3
367,2,122,betel,5.067321848877104,0.00668436560980362,5.074006214486908,False,4
367,3,3,often,1.5780357033676324,0.37875714715418407,1.9567928505218166,False,4
367,4,1,octet,1.5780357033676324,0.37875714715418407,1.9567928505218166,True,4
368,2,169,mulch,5.22134960510835,0.005701227898226248,5.227050833006577,False,4
368,3,2,plump,5.22134960510835,0.005701227898226248,5.227050833006577,False,4
368,4,1,plumb,5.22134960510835,0.005701227898226248,5.227050833006577,True,4
369,2,169,mulch,5.22134960510835,0.005701227898226248,5.227050833006577,False,4
369,3,6,jolly,1.8001383196222405,0.17450284154684917,1.9746411611690897,False,4
369,4,3,dolly,0.9359587732396677,0.35213320521216335,1.288091978451831,True,4
370,2,80,month,4.5824004036087675,0.0,4.5824004036087675,False,4
370,3,7,stoop,2.2035669535781635,0.12217558579821931,2.3257425393763826,False,4
370,4,1,spout,2.2035669535781635,0.12217558579821931,2.3257425393763826,True,4
371,2,103,count,4.935951598196658,0.0,4.935951598196658,False,4
371,3,4,worth,1.9992683447455497,0.25762364114396225,2.256891985889512,False,4
371,4,1,forth,1.9992683447455497,0.25762364114396225,2.256891985889512,True,4
372,2,20,notch,3.479534827255631,0.0,3.479534827255631,False,4
372,3,3,panel,1.5532003789696371,0.3987959447727322,1.9519963237423694,False,4
372,4,1,waxen,1.5532003789696371,0.3987959447727322,1.9519963237423694,True,4
373,2,108,pilot,4.697164821128426,0.010625798935333771,4.70779062006376,False,4
373,3,4,toxic,1.9986291460137737,0.2672678050807043,2.265896951094478,False,4
373,4,1,tonic,1.9986291460137737,0.2672678050807043,2.265896951094478,True,4
374,2,94,clout,5.01226299802091,0.0,5.01226299802091,False,4
374,3,4,clank,1.9944260927289463,0.2400506694295567,2.234476762158503,False,4
374,4,1,clang,1.9944260927289463,0.2400506694295567,2.234476762158503,True,4
375,2,108,pilot,4.697164821128426,0.010625798935333771,4.70779062006376,False,4
375,3,5,civil,2.3109107774911193,0.23384115979310832,2.5447519372842278,False,4
375,4,1,vigil,2.3109107774911193,0.23384115979310832,2.5447519372842278,True,4
376,2,122,betel,5.067321848877104,0.00668436560980362,5.074006214486908,False,4
376,3,5,comet,2.3173931974900213,0.21213311379903663,2.529526311289058,False,4
376,4,1,unmet,2.3173931974900213,0.21213311379903663,2.529526311289058,True,4
377,2,12,align,3.0913226071715805,0.0921025601779814,3.183425167349562,False,3
377,3,1,iliac,3.0913226071715805,0.0921025601779814,3.183425167349562,True,3
378,2,108,pilot,4.697164821128426,0.010625798935333771,4.70779062006376,False,4
378,3,5,civil,2.3109107774911193,0.23384115979310832,2.5447519372842278,False,4
378,4,1,dimly,2.3109107774911193,0.23384115979310832,2.5447519372842278,True,4
379,2,35,lipid,4.09883827351893,0.0,4.09883827351893,False,4
379,3,3,piety,1.5835421957333153,0.3487247281270968,1.9322669238604122,False,4
379,4,1,piney,1.5835421957333153,0.3487247281270968,1.9322669238604122,True,4
380,2,41,bland,3.8456913286080283,0.0,3.8456913286080283,False,3
380,3,2,acute,3.8456913286080283,0.0,3.8456913286080283,True,3
381,2,103,deter,4.345544290945185,0.009548680565350782,4.355092971510535,False,4
381,3,3,query,1.5829875782225105,0.3520919888736335,1.935079567096144,False,4
381,4,1,clerk,1.5829875782225105,0.3520919888736335,1.935079567096144,True,4
382,2,6,radio,2.2567332065527683,0.1896104888760599,2.446343695428828,True,2
383,2,26,cloth,3.451017859683121,0.0,3.451017859683121,False,3
383,3,3,harry,0.9609678776695094,0.3842197775846952,1.3451876552542046,True,3
384,2,108,pilot,4.697164821128426,0.010625798935333771,4.70779062006376,False,3
384,3,2,bingo,4.697164821128426,0.010625798935333771,4.70779062006376,True,3
385,2,78,crowd,4.371952890460427,0.0,4.371952890460427,False,4
385,3,11,altar,3.284432659886896,0.09096289031997906,3.375395550206875,False,4
385,4,1,angry,3.284432659886896,0.09096289031997906,3.375395550206875,True,4
386,2,20,tonal,3.770466915690223,0.0,3.770466915690223,False,3
386,3,1,basal,3.770466915690223,0.0,3.770466915690223,True,3
387,2,94,clout,5.01226299802091,0.0,5.01226299802091,False,4
387,3,3,total,1.5640129710975685,0.4116969690250346,1.975709940122603,False,4
387,4,1,tonal,1.5640129710975685,0.4116969690250346,1.975709940122603,True,4
388,2,103,deter,4.345544290945185,0.009548680565350782,4.355092971510535,False,4
388,3,6,never,1.9411828692737148,0.19111562794943834,2.132298497223153,False,4
388,4,2,fever,1.9411828692737148,0.19111562794943834,2.132298497223153,True,4
389,2,78,crowd,4.371952890460427,0.0,4.371952890460427,False,3
389,3,1,wharf,4.371952890460427,0.0,4.371952890460427,True,3
390,2,78,crowd,4.371952890460427,0.0,4.371952890460427,False,4
390,3,9,grant,2.7306518852301256,0.12168817025554832,2.8523400554856737,False,4
390,4,2,frank,2.7306518852301256,0.12168817025554832,2.8523400554856737,True,4
391,2,44,plant,4.239582143153527,0.0,4.239582143153527,False,3
391,3,4,squad,1.9924662762110241,0.2695233067657695,2.2619895829767938,True,3
392,2,20,cloth,3.623175687562422,0.0,3.623175687562422,False,4
392,3,3,sense,1.5807326165866233,0.36606925575461285,1.9468018723412361,False,4
392,4,1,dense,1.5807326165866233,0.36606925575461285,1.9468018723412361,True,4
393,2,92,count,4.245196362820736,0.0,4.245196362820736,False,3
393,3,2,catch,4.245196362820736,0.0,4.245196362820736,True,3
395,2,78,crowd,4.371952890460427,0.0,4.371952890460427,False,4
395,3,2,track,4.371952890460427,0.0,4.371952890460427,False,4
395,4,1,tract,4.371952890460427,0.0,4.371952890460427,True,4
396,2,18,sheer,3.301525333703203,0.060061970259315235,3.3615873039625184,False,5
396,3,4,super,1.5013194645926125,0.31500513487409554,1.816324599466708,False,5
396,4,2,sober,1.5013194645926125,0.31500513487409554,1.816324599466708,False,5
396,5,1,sower,1.5013194645926125,0.31500513487409554,1.816324599466708,True,5
397,2,51,blunt,4.292231515194711,0.0,4.292231515194711,False,4
397,3,3,click,1.5784607542984108,0.37731286938306763,1.9557736236814784,False,4
397,4,1,flick,1.5784607542984108,0.37731286938306763,1.9557736236814784,True,4
398,2,122,betel,5.067321848877104,0.00668436560980362,5.074006214486908,False,4
398,3,4,dwelt,1.998275261587866,0.25494850762866994,2.253223769216536,False,4
398,4,1,cleft,1.998275261587866,0.25494850762866994,2.253223769216536,True,4
399,2,103,deter,4.345544290945185,0.009548680565350782,4.355092971510535,False,3
399,3,1,dryer,4.345544290945185,0.009548680565350782,4.355092971510535,True,3
400,2,78,crowd,4.371952890460427,0.0,4.371952890460427,False,4
400,3,11,altar,3.284432659886896,0.09096289031997906,3.375395550206875,False,4
400,4,1,quart,3.284432659886896,0.09096289031997906,3.375395550206875,True,4
401,2,122,betel,5.067321848877104,0.00668436560980362,5.074006214486908,False,3
401,3,5,comet,2.3173931974900213,0.21213311379903663,2.529526311289058,True,3
402,2,40,prong,3.9956346776871614,0.0,3.9956346776871614,False,3
402,3,1,prude,3.9956346776871614,0.0,3.9956346776871614,True,3
403,2,94,clout,5.01226299802091,0.0,5.01226299802091,False,4
403,3,2,junta,5.01226299802091,0.0,5.01226299802091,False,4
403,4,1,aunty,5.01226299802091,0.0,5.01226299802091,True,4
404,2,108,pilot,4.697164821128426,0.010625798935333771,4.70779062006376,False,3
404,3,1,pupil,4.697164821128426,0.010625798935333771,4.70779062006376,True,3
405,2,92,count,4.245196362820736,0.0,4.245196362820736,False,4
405,3,20,madly,3.7053659522157996,0.04851794805295685,3.7538839002687565,False,4
405,4,4,baggy,1.4101860973946183,0.24062277531161824,1.6508088727062367,True,4
406,2,6,paint,1.9494647017541098,0.18261647553951527,2.132081177293625,False,4
406,3,2,daily,1.9494647017541098,0.18261647553951527,2.132081177293625,False,4
406,4,1,gaily,1.9494647017541098,0.18261647553951527,2.132081177293625,True,4
407,2,122,betel,5.067321848877104,0.00668436560980362,5.074006214486908,False,4
407,3,3,queen,1.5651139555811928,0.3922576971987208,1.9573716527799137,False,4
407,4,1,kneed,1.5651139555811928,0.3922576971987208,1.9573716527799137,True,4
408,2,26,cloth,3.451017859683121,0.0,3.451017859683121,False,3
408,3,1,carry,3.451017859683121,0.0,3.451017859683121,True,3
409,2,94,clout,5.01226299802091,0.0,5.01226299802091,False,4
409,3,8,loamy,2.5134578186102607,0.1112373978719404,2.624695216482201,False,4
409,4,1,koala,2.5134578186102607,0.1112373978719404,2.624695216482201,True,4
410,2,103,count,4.935951598196658,0.0,4.935951598196658,False,4
410,3,15,droop,3.439277035472058,0.055587501149019475,3.4948645366210775,False,4
410,4,1,drool,3.439277035472058,0.055587501149019475,3.4948645366210775,True,4
411,2,169,mulch,5.22134960510835,0.005701227898226248,5.227050833006577,False,3
411,3,1,lymph,5.22134960510835,0.005701227898226248,5.227050833006577,True,3
412,2,108,pilot,4.697164821128426,0.010625798935333771,4.70779062006376,False,3
412,3,3,fluid,1.5729332652824326,0.3851561385783457,1.9580894038607783,True,3
413,2,70,cleat,4.660072653042596,0.012616273972314785,4.672688927014911,False,3
413,3,2,pleat,4.660072653042596,0.012616273972314785,4.672688927014911,True,3
414,2,41,spelt,4.4167166368094275,0.021718152088787676,4.438434788898215,False,3
414,3,1,spell,4.4167166368094275,0.021718152088787676,4.438434788898215,True,3
415,2,35,lipid,4.09883827351893,0.0,4.09883827351893,False,3
415,3,1,fiend,4.09883827351893,0.0,4.09883827351893,True,3
416,2,51,blunt,4.292231515194711,0.0,4.292231515194711,False,3
416,3,3,quick,1.5797325601158678,0.37197282448212765,1.9517053845979955,True,3
417,2,10,ruddy,2.917992089188093,0.0862602405953228,3.004252329783416,False,3
417,3,1,rowdy,2.917992089188093,0.0862602405953228,3.004252329783416,True,3
418,2,108,pilot,4.697164821128426,0.010625798935333771,4.70779062006376,False,3
418,3,5,civil,2.3109107774911193,0.23384115979310832,2.5447519372842278,True,3
419,2,8,salsa,2.7454893705209997,0.14040563427314665,2.8858950047941465,True,2
420,2,94,clout,5.01226299802091,0.0,5.01226299802091,False,3
420,3,2,junta,5.01226299802091,0.0,5.01226299802091,True,3
421,2,80,month,4.5824004036087675,0.0,4.5824004036087675,False,3
421,3,1,humus,4.5824004036087675,0.0,4.5824004036087675,True,3
422,2,70,cleat,4.660072653042596,0.012616273972314785,4.672688927014911,False,3
422,3,4,gleam,1.4725562131210053,0.24146996854174166,1.714026181662747,True,3
423,2,17,tripe,2.150723725386372,0.04783081337738305,2.198554538763755,False,3
423,3,1,gripe,2.150723725386372,0.04783081337738305,2.198554538763755,True,3
424,2,169,mulch,5.22134960510835,0.005701227898226248,5.227050833006577,False,3
424,3,15,funny,2.7531374814959375,0.07989462726159306,2.8330321087575308,True,3
425,2,61,could,4.7296830030311545,0.0,4.7296830030311545,False,3
425,3,2,hedge,4.7296830030311545,0.0,4.7296830030311545,True,3
426,2,108,pilot,4.697164821128426,0.010625798935333771,4.70779062006376,False,4
426,3,6,cubic,2.5798477020375703,0.18779244438908696,2.767640146426657,False,4
426,4,1,cynic,2.5798477020375703,0.18779244438908696,2.767640146426657,True,4
427,2,9,hoist,2.4669818111154274,0.11078108776165334,2.5777628988770807,True,2
428,2,41,spelt,4.4167166368094275,0.021718152088787676,4.438434788898215,False,4
428,3,4,zesty,1.9958409024080674,0.2337842681480065,2.229625170556074,False,4
428,4,1,fetus,1.9958409024080674,0.2337842681480065,2.229625170556074,True,4
429,2,28,gulch,4.010426759450907,0.0,4.010426759450907,False,4
429,3,3,maybe,1.5779682119159508,0.3759249169290669,1.9538931288450176,False,4
429,4,1,matte,1.5779682119159508,0.3759249169290669,1.9538931288450176,True,4
430,2,20,tonal,3.770466915690223,0.0,3.770466915690223,False,3
430,3,3,pasta,1.5789231607375616,0.3736036500340222,1.9525268107715839,True,3
431,2,169,mulch,5.22134960510835,0.005701227898226248,5.227050833006577,False,3
431,3,6,bully,1.7570902463290055,0.1774126240221276,1.934502870351133,True,3
432,2,80,month,4.5824004036087675,0.0,4.5824004036087675,False,3
432,3,7,slunk,2.5038263570831676,0.11672387246997012,2.6205502295531375,True,3
433,2,20,cloth,3.0089202751472297,0.0,3.0089202751472297,False,3
433,3,3,stage,0.9555327648099575,0.37650032257546484,1.3320330873854225,True,3
434,2,28,crypt,3.4932541600233598,0.0,3.4932541600233598,False,3
434,3,2,third,3.4932541600233598,0.0,3.4932541600233598,True,3
435,2,78,crowd,4.371952890460427,0.0,4.371952890460427,False,3
435,3,3,draft,0.9360465407357468,0.3522330249047676,1.2882795656405144,True,3
436,2,92,count,4.245196362820736,0.0,4.245196362820736,False,3
436,3,3,caddy,1.5774522613916324,0.36584389731970013,1.9432961587113327,True,3
437,2,41,bland,3.8456913286080283,0.0,3.8456913286080283,False,4
437,3,2,apple,3.8456913286080283,0.0,3.8456913286080283,False,4
437,4,1,ample,3.8456913286080283,0.0,3.8456913286080283,True,4
438,2,22,shalt,3.453410506083153,0.0,3.453410506083153,False,3
438,3,4,class,1.9916700968761076,0.2814419149685624,2.27311201184467,True,3
439,2,6,missy,2.2770664379694727,0.17326813617114767,2.45033457414062,False,3
439,3,1,midst,2.2770664379694727,0.17326813617114767,2.45033457414062,True,3
440,2,15,edict,3.0994820351323993,0.06476195069248716,3.1642439858248865,False,3
440,3,2,plied,3.0994820351323993,0.06476195069248716,3.1642439858248865,True,3
441,2,92,count,4.245196362820736,0.0,4.245196362820736,False,5
441,3,9,fatty,2.4479587941666523,0.12266754257299578,2.570626336739648,False,5
441,4,2,tally,2.4479587941666523,0.12266754257299578,2.570626336739648,False,5
441,5,1,tabby,2.4479587941666523,0.12266754257299578,2.570626336739648,True,5
442,2,9,guess,2.4579579038848243,0.11948098468728131,2.5774388885721056,False,3
442,3,1,quest,2.4579579038848243,0.11948098468728131,2.5774388885721056,True,3
443,2,17,tripe,2.150723725386372,0.04783081337738305,2.198554538763755,False,5
443,3,4,price,0.841393621836322,0.26995051670748055,1.1113441385438025,False,5
443,4,3,prime,0.926598447975117,0.34187160073010125,1.2684700487052183,False,5
443,5,2,prize,0.926598447975117,0.34187160073010125,1.2684700487052183,True,5
444,2,103,count,4.935951598196658,0.0,4.935951598196658,False,4
444,3,6,juror,2.200463794515305,0.1493316943375472,2.3497954888528523,False,4
444,4,1,humor,2.200463794515305,0.1493316943375472,2.3497954888528523,True,4
445,2,108,pilot,4.697164821128426,0.010625798935333771,4.70779062006376,False,4
445,3,4,comic,1.9868633837622152,0.29807828291062666,2.2849416666728417,False,4
445,4,1,conic,1.9868633837622152,0.29807828291062666,2.2849416666728417,True,4
446,2,103,deter,4.345544290945185,0.009548680565350782,4.355092971510535,False,4
446,3,4,truer,1.9784625045758588,0.2087746637431409,2.1872371683189997,False,4
446,4,1,tower,1.9784625045758588,0.2087746637431409,2.1872371683189997,True,4
447,2,80,month,4.5824004036087675,0.0,4.5824004036087675,False,4
447,3,9,spool,2.6987726418663804,0.1211499938956039,2.8199226357619844,False,4
447,4,1,scold,2.6987726418663804,0.1211499938956039,2.8199226357619844,True,4
448,2,26,track,3.128720724997513,0.0,3.128720724997513,False,4
448,3,3,crane,0.9379065858977077,0.3543655936764441,1.2922721795741519,False,4
448,4,2,crave,0.9379065858977077,0.3543655936764441,1.2922721795741519,True,4
449,2,34,bleat,3.8729354751388456,0.0,3.8729354751388456,False,3
449,3,2,amber,3.8729354751388456,0.0,3.8729354751388456,True,3
450,2,94,clout,5.01226299802091,0.0,5.01226299802091,False,4
450,3,3,coach,1.5832073673568179,0.35651904229906894,1.9397264096558868,False,4
450,4,1,cocoa,1.5832073673568179,0.35651904229906894,1.9397264096558868,True,4
451,2,40,prong,3.9956346776871614,0.0,3.9956346776871614,False,3
451,3,4,force,1.9902338229001577,0.29256471190283667,2.2827985348029944,True,3
452,2,3,noise,1.5759760445816595,0.38526421571450065,1.9612402602961603,False,3
452,3,1,poise,1.5759760445816595,0.38526421571450065,1.9612402602961603,True,3
453,2,44,plant,4.239582143153527,0.0,4.239582143153527,False,3
453,3,1,slang,4.239582143153527,0.0,4.239582143153527,True,3
454,2,70,cleat,4.660072653042596,0.012616273972314785,4.672688927014911,False,4
454,3,6,pedal,2.5814734837479585,0.15743331107744296,2.7389067948254016,False,4
454,4,1,equal,2.5814734837479585,0.15743331107744296,2.7389067948254016,True,4
455,2,20,cloth,3.623175687562422,0.0,3.623175687562422,False,5
455,3,3,goose,0.9345085655598591,0.35049411226040417,1.2850026778202632,False,5
455,4,2,moose,0.9345085655598591,0.35049411226040417,1.2850026778202632,False,5
455,5,1,noose,0.9345085655598591,0.35049411226040417,1.2850026778202632,True,5
456,2,28,gulch,4.010426759450907,0.0,4.010426759450907,False,4
456,3,5,table,1.9293535684164205,0.237505364250427,2.1668589326668473,False,4
456,4,2,maple,1.9293535684164205,0.237505364250427,2.1668589326668473,True,4
457,2,122,betel,5.067321848877104,0.00668436560980362,5.074006214486908,False,5
457,3,14,women,3.1937011017055585,0.0907346308243095,3.284435732529868,False,5
457,4,3,covey,0.9368068377240638,0.3531007433000707,1.2899075810241345,False,5
457,5,2,gooey,0.9368068377240638,0.3531007433000707,1.2899075810241345,True,5
458,2,103,count,4.935951598196658,0.0,4.935951598196658,False,6
458,3,4,brown,0.8577342779513122,0.281683284736089,1.1394175626874012,False,6
458,4,3,grown,0.9497897646258748,0.3688561512973188,1.3186459159231936,False,6
458,5,2,drown,0.9497897646258748,0.3688561512973188,1.3186459159231936,False,6
458,6,1,frown,0.9497897646258748,0.3688561512973188,1.3186459159231936,True,6
459,2,78,crowd,4.371952890460427,0.0,4.371952890460427,False,3
459,3,1,arrow,4.371952890460427,0.0,4.371952890460427,True,3
460,2,26,lingo,3.72052858222838,0.0,3.72052858222838,False,3
460,3,1,movie,3.72052858222838,0.0,3.72052858222838,True,3
461,2,122,betel,5.067321848877104,0.00668436560980362,5.074006214486908,False,3
461,3,2,hotel,5.067321848877104,0.00668436560980362,5.074006214486908,True,3
462,2,5,share,0.7738513081668094,0.22762681187262268,1.001478120039432,False,3
462,3,4,spare,0.8377130693644268,0.2674027923490255,1.1051158617134522,True,3
463,2,12,fried,2.7216335454724954,0.08736869254986797,2.809002238022363,True,2
464,2,17,floss,3.602896277680835,0.06013667528007432,3.6630329529609096,False,3
464,3,1,slush,3.602896277680835,0.06013667528007432,3.6630329529609096,True,3
465,2,92,count,4.245196362820736,0.0,4.245196362820736,False,4
465,3,9,manly,2.923144884673644,0.111978158869697,3.035123043543341,False,4
465,4,1,lanky,2.923144884673644,0.111978158869697,3.035123043543341,True,4
466,2,20,cloth,3.623175687562422,0.0,3.623175687562422,False,3
466,3,1,these,3.623175687562422,0.0,3.623175687562422,True,3
467,2,7,cress,2.1959683131485277,0.11994139882877375,2.3159097119773016,False,3
467,3,1,verso,2.1959683131485277,0.11994139882877375,2.3159097119773016,True,3
468,2,70,cleat,4.660072653042596,0.012616273972314785,4.672688927014911,False,4
468,3,6,pedal,2.5814734837479585,0.15743331107744296,2.7389067948254016,False,4
468,4,1,equal,2.5814734837479585,0.15743331107744296,2.7389067948254016,True,4
469,2,61,could,4.7296830030311545,0.0,4.7296830030311545,False,3
469,3,1,boule,4.7296830030311545,0.0,4.7296830030311545,True,3
470,2,20,notch,3.479534827255631,0.0,3.479534827255631,False,4
470,3,3,panel,1.5532003789696371,0.3987959447727322,1.9519963237423694,False,4
470,4,1,waxen,1.5532003789696371,0.3987959447727322,1.9519963237423694,True,4
471,2,28,gulch,4.010426759450907,0.0,4.010426759450907,False,4
471,3,5,table,1.9293535684164205,0.237505364250427,2.1668589326668473,False,4
471,4,1,fable,1.9293535684164205,0.237505364250427,2.1668589326668473,True,4
472,2,28,crypt,3.4932541600233598,0.0,3.4932541600233598,False,3
472,3,1,print,3.4932541600233598,0.0,3.4932541600233598,True,3
473,2,169,mulch,5.22134960510835,0.005701227898226248,5.227050833006577,False,4
473,3,14,blown,3.4684877429308827,0.07622000297265263,3.544707745903535,False,4
473,4,1,blond,3.4684877429308827,0.07622000297265263,3.544707745903535,True,4
474,2,61,could,4.7296830030311545,0.0,4.7296830030311545,False,4
474,3,4,globe,1.9864542058041206,0.2874522242022943,2.2739064300064147,False,4
474,4,1,elope,1.9864542058041206,0.2874522242022943,2.2739064300064147,True,4
475,2,103,deter,4.345544290945185,0.009548680565350782,4.355092971510535,False,3
475,3,6,never,1.9411828692737148,0.19111562794943834,2.132298497223153,True,3
476,2,44,plant,4.239582143153527,0.0,4.239582143153527,False,3
476,3,2,usual,4.239582143153527,0.0,4.239582143153527,True,3
477,2,122,betel,5.067321848877104,0.00668436560980362,5.074006214486908,False,4
477,3,14,women,3.1937011017055585,0.0907346308243095,3.284435732529868,False,4
477,4,1,unwed,3.1937011017055585,0.0907346308243095,3.284435732529868,True,4
478,2,108,pilot,4.697164821128426,0.010625798935333771,4.70779062006376,False,3
478,3,1,bigot,4.697164821128426,0.010625798935333771,4.70779062006376,True,3
479,2,34,bleat,3.8729354751388456,0.0,3.8729354751388456,False,3
479,3,1,heart,3.8729354751388456,0.0,3.8729354751388456,True,3
480,2,20,cloth,3.0089202751472297,0.0,3.0089202751472297,False,4
480,3,2,state,3.0089202751472297,0.0,3.0089202751472297,False,4
480,4,1,skate,3.0089202751472297,0.0,3.0089202751472297,True,4
481,2,4,stein,1.991836608006058,0.2861933610266676,2.2780299690327257,True,2
482,2,20,notch,3.479534827255631,0.0,3.479534827255631,False,3
482,3,1,eaten,3.479534827255631,0.0,3.479534827255631,True,3
483,2,5,pause,1.9279935026440982,0.1991351232571159,2.1271286259012143,False,3
483,3,2,false,1.9279935026440982,0.1991351232571159,2.1271286259012143,True,3
484,2,44,plant,4.239582143153527,0.0,4.239582143153527,False,4
484,3,2,squat,4.239582143153527,0.0,4.239582143153527,False,4
484,4,1,ascot,4.239582143153527,0.0,4.239582143153527,True,4
485,2,15,spine,2.1084426460654164,0.06920605598908156,2.177648702054498,False,5
485,3,7,smile,2.20391242910844,0.1527798492827298,2.35669227839117,False,5
485,4,2,slide,2.20391242910844,0.1527798492827298,2.35669227839117,False,5
485,5,1,slice,2.20391242910844,0.1527798492827298,2.35669227839117,True,5
486,2,13,crust,3.411112677482356,0.07466477032407974,3.485777447806436,False,3
486,3,1,worst,3.411112677482356,0.07466477032407974,3.485777447806436,True,3
487,2,35,lipid,4.09883827351893,0.0,4.09883827351893,False,4
487,3,3,piety,1.5835421957333153,0.3487247281270968,1.9322669238604122,False,4
487,4,1,piney,1.5835421957333153,0.3487247281270968,1.9322669238604122,True,4
488,2,80,month,4.5824004036087675,0.0,4.5824004036087675,False,5
488,3,9,spool,2.6987726418663804,0.1211499938956039,2.8199226357619844,False,5
488,4,2,spoof,2.6987726418663804,0.1211499938956039,2.8199226357619844,False,5
488,5,1,spook,2.6987726418663804,0.1211499938956039,2.8199226357619844,True,5
489,2,21,splat,3.4382184230394266,0.0,3.4382184230394266,False,3
489,3,1,spray,3.4382184230394266,0.0,3.4382184230394266,True,3
490,2,169,mulch,5.22134960510835,0.005701227898226248,5.227050833006577,False,3
490,3,4,notch,1.9931551938407035,0.2874225408170401,2.2805777346577436,True,3
491,2,103,deter,4.345544290945185,0.009548680565350782,4.355092971510535,False,3
491,3,1,elder,4.345544290945185,0.009548680565350782,4.355092971510535,True,3
492,2,22,shout,4.078196116709489,0.0,4.078196116709489,False,4
492,3,2,minus,4.078196116709489,0.0,4.078196116709489,False,4
492,4,1,ficus,4.078196116709489,0.0,4.078196116709489,True,4
493,2,29,knelt,3.8776077647628067,0.0,3.8776077647628067,False,4
493,3,2,smith,3.8776077647628067,0.0,3.8776077647628067,False,4
493,4,1,stiff,3.8776077647628067,0.0,3.8776077647628067,True,4
494,2,6,radio,2.2567332065527683,0.1896104888760599,2.446343695428828,False,3
494,3,2,rapid,2.2567332065527683,0.1896104888760599,2.446343695428828,True,3
495,2,35,lipid,4.09883827351893,0.0,4.09883827351893,False,3
495,3,1,ennui,4.09883827351893,0.0,4.09883827351893,True,3
496,2,22,shout,4.078196116709489,0.0,4.078196116709489,False,4
496,3,2,solid,4.078196116709489,0.0,4.078196116709489,False,4
496,4,1,sonic,4.078196116709489,0.0,4.078196116709489,True,4
497,2,17,tripe,2.150723725386372,0.04783081337738305,2.198554538763755,False,4
497,3,7,bride,1.8656093866155652,0.14913720086646895,2.0147465874820343,False,4
497,4,3,crime,1.5778735484253645,0.3715019812282135,1.949375529653578,True,4
498,2,41,bland,3.8456913286080283,0.0,3.8456913286080283,False,4
498,3,6,plate,1.7692106466561284,0.18883932453890523,1.9580499711950337,False,4
498,4,3,flame,1.5824194096850523,0.36066276801020786,1.9430821776952603,True,4
499,2,44,plant,4.239582143153527,0.0,4.239582143153527,False,3
499,3,1,shalt,4.239582143153527,0.0,4.239582143153527,True,3
500,2,9,randy,2.4427334923161865,0.1187327938610011,2.5614662861771875,False,4
500,3,3,ralph,1.5742924696127332,0.3726546102592862,1.9469470798720194,False,4
500,4,1,razor,1.5742924696127332,0.3726546102592862,1.9469470798720194,True,4
501,2,5,pause,1.9279935026440982,0.1991351232571159,2.1271286259012143,False,4
501,3,2,false,1.9279935026440982,0.1991351232571159,2.1271286259012143,False,4
501,4,1,masse,1.9279935026440982,0.1991351232571159,2.1271286259012143,True,4
502,2,8,grass,2.1462555441094855,0.1363615444276059,2.2826170885370916,False,3
502,3,3,crash,0.9432081097030892,0.36063389231318843,1.3038420020162778,True,3
503,2,169,mulch,5.22134960510835,0.005701227898226248,5.227050833006577,False,4
503,3,2,mummy,5.22134960510835,0.005701227898226248,5.227050833006577,False,4
503,4,1,muddy,5.22134960510835,0.005701227898226248,5.227050833006577,True,4
504,2,103,count,4.935951598196658,0.0,4.935951598196658,False,4
504,3,15,droop,3.439277035472058,0.055587501149019475,3.4948645366210775,False,4
504,4,1,droll,3.439277035472058,0.055587501149019475,3.4948645366210775,True,4
505,2,108,pilot,4.697164821128426,0.010625798935333771,4.70779062006376,False,5
505,3,16,windy,3.2157677330063636,0.06770809730809803,3.2834758303144618,False,5
505,4,3,finch,1.5809222450416969,0.36554458188142896,1.9464668269231258,False,5
505,5,1,minim,1.5809222450416969,0.36554458188142896,1.9464668269231258,True,5
506,2,6,paint,1.9494647017541098,0.18261647553951527,2.132081177293625,False,3
506,3,1,faith,1.9494647017541098,0.18261647553951527,2.132081177293625,True,3
507,2,92,count,4.245196362820736,0.0,4.245196362820736,False,6
507,3,20,madly,3.7053659522157996,0.04851794805295685,3.7538839002687565,False,6
507,4,4,baggy,1.4101860973946183,0.24062277531161824,1.6508088727062367,False,6
507,5,2,happy,1.4101860973946183,0.24062277531161824,1.6508088727062367,False,6
507,6,1,jazzy,1.4101860973946183,0.24062277531161824,1.6508088727062367,True,6
508,2,103,deter,4.345544290945185,0.009548680565350782,4.355092971510535,False,5
508,3,27,comfy,3.1903709071786333,0.0,3.1903709071786333,False,5
508,4,3,cover,0.9864961438877828,0.43169583123345556,1.4181919751212384,False,5
508,5,2,corer,0.9864961438877828,0.43169583123345556,1.4181919751212384,True,5
509,2,22,shout,4.078196116709489,0.0,4.078196116709489,False,4
509,3,2,silly,4.078196116709489,0.0,4.078196116709489,False,4
509,4,1,silky,4.078196116709489,0.0,4.078196116709489,True,4
510,2,103,count,4.935951598196658,0.0,4.935951598196658,False,4
510,3,3,honor,1.581821297103753,0.35538249271627803,1.9372037898200312,False,4
510,4,1,donor,1.581821297103753,0.35538249271627803,1.9372037898200312,True,4
511,2,41,spelt,4.4167166368094275,0.021718152088787676,4.438434788898215,False,3
511,3,2,nosey,4.4167166368094275,0.021718152088787676,4.438434788898215,True,3
512,2,18,sheer,3.301525333703203,0.060061970259315235,3.3615873039625184,False,3
512,3,1,shrew,3.301525333703203,0.060061970259315235,3.3615873039625184,True,3
513,2,70,cleat,4.660072653042596,0.012616273972314785,4.672688927014911,False,3
513,3,2,agent,4.660072653042596,0.012616273972314785,4.672688927014911,True,3
514,2,17,floss,3.602896277680835,0.06013667528007432,3.6630329529609096,False,4
514,3,2,ghost,3.602896277680835,0.06013667528007432,3.6630329529609096,False,4
514,4,1,boost,3.602896277680835,0.06013667528007432,3.6630329529609096,True,4
515,2,122,betel,5.067321848877104,0.00668436560980362,5.074006214486908,False,4
515,3,14,women,3.1937011017055585,0.0907346308243095,3.284435732529868,False,4
515,4,2,woven,3.1937011017055585,0.0907346308243095,3.284435732529868,True,4
516,2,122,betel,5.067321848877104,0.00668436560980362,5.074006214486908,False,4
516,3,4,dwelt,1.998275261587866,0.25494850762866994,2.253223769216536,False,4
516,4,1,cleft,1.998275261587866,0.25494850762866994,2.253223769216536,True,4
517,2,20,notch,3.479534827255631,0.0,3.479534827255631,False,3
517,3,1,haven,3.479534827255631,0.0,3.479534827255631,True,3
518,2,35,lipid,4.09883827351893,0.0,4.09883827351893,False,4
518,3,3,linen,1.5767933473449167,0.3750548770782975,1.9518482244232143,False,4
518,4,1,liken,1.5767933473449167,0.3750548770782975,1.9518482244232143,True,4
519,2,80,month,4.5824004036087675,0.0,4.5824004036087675,False,4
519,3,5,bushy,2.3183814596701087,0.2047446048348212,2.52312606450493,False,4
519,4,1,pushy,2.3183814596701087,0.2047446048348212,2.52312606450493,True,4
520,2,92,count,4.245196362820736,0.0,4.245196362820736,False,4
520,3,2,havoc,4.245196362820736,0.0,4.245196362820736,False,4
520,4,1,macho,4.245196362820736,0.0,4.245196362820736,True,4
521,2,122,betel,5.067321848877104,0.00668436560980362,5.074006214486908,False,3
521,3,3,needy,1.580780563333099,0.3567501835813133,1.9375307469144123,True,3
522,2,103,deter,4.345544290945185,0.009548680565350782,4.355092971510535,False,4
522,3,27,comfy,3.1903709071786333,0.0,3.1903709071786333,False,4
522,4,2,mover,3.1903709071786333,0.0,3.1903709071786333,True,4
523,2,103,count,4.935951598196658,0.0,4.935951598196658,False,4
523,3,4,worth,1.9992683447455497,0.25762364114396225,2.256891985889512,False,4
523,4,1,forth,1.9992683447455497,0.25762364114396225,2.256891985889512,True,4
524,2,12,align,3.0913226071715805,0.0921025601779814,3.183425167349562,False,3
524,3,1,alibi,3.0913226071715805,0.0921025601779814,3.183425167349562,True,3
525,2,23,cloth,3.905401798674347,0.0,3.905401798674347,False,3
525,3,1,whine,3.905401798674347,0.0,3.905401798674347,True,3
526,2,122,betel,5.067321848877104,0.00668436560980362,5.074006214486908,False,4
526,3,2,level,5.067321848877104,0.00668436560980362,5.074006214486908,False,4
526,4,1,jewel,5.067321848877104,0.00668436560980362,5.074006214486908,True,4
527,2,44,plant,4.239582143153527,0.0,4.239582143153527,False,4
527,3,5,small,1.9720931450048735,0.24208806428129642,2.21418120928617,False,4
527,4,1,shall,1.9720931450048735,0.24208806428129642,2.21418120928617,True,4
528,2,20,cloth,3.623175687562422,0.0,3.623175687562422,False,3
528,3,3,goose,0.9345085655598591,0.35049411226040417,1.2850026778202632,True,3
529,2,103,count,4.935951598196658,0.0,4.935951598196658,False,3
529,3,4,brown,0.8577342779513122,0.281683284736089,1.1394175626874012,True,3
530,2,28,crypt,3.4932541600233598,0.0,3.4932541600233598,False,3
530,3,9,grind,2.754347042136841,0.11301008369165368,2.8673571258284944,True,3
531,2,18,trail,3.2288491345661354,0.06129123306107335,3.2901403676272087,False,3
531,3,2,grail,3.2288491345661354,0.06129123306107335,3.2901403676272087,True,3
532,2,80,month,4.5824004036087675,0.0,4.5824004036087675,False,4
532,3,3,focus,1.5745287898059819,0.3829086737065196,1.9574374635125014,False,4
532,4,1,soggy,1.5745287898059819,0.3829086737065196,1.9574374635125014,True,4
533,2,92,count,4.245196362820736,0.0,4.245196362820736,False,3
533,3,1,canon,4.245196362820736,0.0,4.245196362820736,True,3
534,2,94,clout,5.01226299802091,0.0,5.01226299802091,False,4
534,3,3,apply,1.5729121043760281,0.3927263712988231,1.9656384756748513,False,4
534,4,1,amply,1.5729121043760281,0.3927263712988231,1.9656384756748513,True,4
535,2,103,count,4.935951598196658,0.0,4.935951598196658,False,4
535,3,3,wrong,1.5654783550619336,0.4020916339380659,1.9675699889999994,False,4
535,4,1,prong,1.5654783550619336,0.4020916339380659,1.9675699889999994,True,4
536,2,103,count,4.935951598196658,0.0,4.935951598196658,False,4
536,3,15,droop,3.439277035472058,0.055587501149019475,3.4948645366210775,False,4
536,4,1,glory,3.439277035472058,0.055587501149019475,3.4948645366210775,True,4
537,2,10,scree,2.1694571194121814,0.0800401117707753,2.2494972311829566,False,3
537,3,1,surge,2.1694571194121814,0.0800401117707753,2.2494972311829566,True,3
538,2,23,cloth,3.905401798674347,0.0,3.905401798674347,False,3
538,3,1,while,3.905401798674347,0.0,3.905401798674347,True,3
539,2,41,bland,3.8456913286080283,0.0,3.8456913286080283,False,3
539,3,1,amble,3.8456913286080283,0.0,3.8456913286080283,True,3
540,2,169,mulch,5.22134960510835,0.005701227898226248,5.227050833006577,False,3
540,3,2,booth,5.22134960510835,0.005701227898226248,5.227050833006577,True,3
541,2,94,clout,5.01226299802091,0.0,5.01226299802091,False,3
541,3,1,adult,5.01226299802091,0.0,5.01226299802091,True,3
542,2,29,knelt,3.8776077647628067,0.0,3.8776077647628067,False,3
542,3,6,using,2.2690782560071705,0.19887067651192145,2.467948932519092,True,3
543,2,70,cleat,4.660072653042596,0.012616273972314785,4.672688927014911,False,4
543,3,6,heavy,2.2302028081957057,0.19562055037893916,2.425823358574645,False,4
543,4,1,heady,2.2302028081957057,0.19562055037893916,2.425823358574645,True,4
544,2,20,tonal,3.770466915690223,0.0,3.770466915690223,False,3
544,3,1,tasty,3.770466915690223,0.0,3.770466915690223,True,3
545,2,108,pilot,4.697164821128426,0.010625798935333771,4.70779062006376,False,4
545,3,6,cubic,2.5798477020375703,0.18779244438908696,2.767640146426657,False,4
545,4,1,cynic,2.5798477020375703,0.18779244438908696,2.767640146426657,True,4
546,2,27,fiend,3.478688988342879,0.0,3.478688988342879,False,4
546,3,2,merit,3.478688988342879,0.0,3.478688988342879,False,4
546,4,1,peril,3.478688988342879,0.0,3.478688988342879,True,4
547,2,20,tonal,3.770466915690223,0.0,3.770466915690223,False,3
547,3,1,mason,3.770466915690223,0.0,3.770466915690223,True,3
548,2,21,splat,3.4382184230394266,0.0,3.4382184230394266,False,3
548,3,1,solar,3.4382184230394266,0.0,3.4382184230394266,True,3
549,2,23,thong,3.966481601291152,0.0,3.966481601291152,False,4
549,3,2,fruit,3.966481601291152,0.0,3.966481601291152,False,4
549,4,1,dirty,3.966481601291152,0.0,3.966481601291152,True,4
550,2,28,gulch,4.010426759450907,0.0,4.010426759450907,False,3
550,3,1,gaffe,4.010426759450907,0.0,4.010426759450907,True,3
551,2,103,deter,4.345544290945185,0.009548680565350782,4.355092971510535,False,4
551,3,27,comfy,3.1903709071786333,0.0,3.1903709071786333,False,4
551,4,1,cyber,3.1903709071786333,0.0,3.1903709071786333,True,4
552,2,18,trail,3.2288491345661354,0.06129123306107335,3.2901403676272087,False,3
552,3,1,viral,3.2288491345661354,0.06129123306107335,3.2901403676272087,True,3
553,2,10,scree,2.1694571194121814,0.0800401117707753,2.2494972311829566,False,3
553,3,5,store,0.802239590021227,0.2443745233579286,1.0466141133791556,True,3
554,2,70,cleat,4.660072653042596,0.012616273972314785,4.672688927014911,False,3
554,3,1,delta,4.660072653042596,0.012616273972314785,4.672688927014911,True,3
555,2,26,lingo,3.72052858222838,0.0,3.72052858222838,False,4
555,3,4,piece,1.512558693737287,0.2960492886991735,1.8086079824364605,False,4
555,4,2,pixie,1.512558693737287,0.2960492886991735,1.8086079824364605,True,4
556,2,78,crowd,4.371952890460427,0.0,4.371952890460427,False,3
556,3,2,chart,4.371952890460427,0.0,4.371952890460427,True,3
557,2,103,count,4.935951598196658,0.0,4.935951598196658,False,4
557,3,7,world,2.5253269840237214,0.18391614529539185,2.709243129319113,False,4
557,4,2,morph,2.5253269840237214,0.18391614529539185,2.709243129319113,True,4
558,2,78,crowd,4.371952890460427,0.0,4.371952890460427,False,4
558,3,2,coral,4.371952890460427,0.0,4.371952890460427,False,4
558,4,1,cobra,4.371952890460427,0.0,4.371952890460427,True,4
559,2,169,mulch,5.22134960510835,0.005701227898226248,5.227050833006577,False,3
559,3,6,bully,1.7570902463290055,0.1774126240221276,1.934502870351133,True,3
560,2,80,month,4.5824004036087675,0.0,4.5824004036087675,False,4
560,3,7,slunk,2.5038263570831676,0.11672387246997012,2.6205502295531375,False,4
560,4,1,snuck,2.5038263570831676,0.11672387246997012,2.6205502295531375,True,4
561,2,51,blunt,4.292231515194711,0.0,4.292231515194711,False,3
561,3,1,build,4.292231515194711,0.0,4.292231515194711,True,3
562,2,22,shout,4.078196116709489,0.0,4.078196116709489,False,3
562,3,1,sight,4.078196116709489,0.0,4.078196116709489,True,3
563,2,78,crowd,4.371952890460427,0.0,4.371952890460427,False,4
563,3,3,flora,1.5834106823447063,0.3534483727100073,1.9368590550547136,False,4
563,4,1,abort,1.5834106823447063,0.3534483727100073,1.9368590550547136,True,4
564,2,12,align,3.0913226071715805,0.0921025601779814,3.183425167349562,False,4
564,3,2,avian,3.0913226071715805,0.0921025601779814,3.183425167349562,False,4
564,4,1,axion,3.0913226071715805,0.0921025601779814,3.183425167349562,True,4
565,2,34,until,4.282480676815465,0.0,4.282480676815465,False,3
565,3,1,giant,4.282480676815465,0.0,4.282480676815465,True,3
566,2,29,knelt,3.8776077647628067,0.0,3.8776077647628067,False,5
566,3,6,using,2.2690782560071705,0.19887067651192145,2.467948932519092,False,5
566,4,2,shiny,2.2690782560071705,0.19887067651192145,2.467948932519092,False,5
566,5,1,spiny,2.2690782560071705,0.19887067651192145,2.467948932519092,True,5
567,2,27,fiend,3.478688988342879,0.0,3.478688988342879,False,3
567,3,1,kefir,3.478688988342879,0.0,3.478688988342879,True,3
568,2,40,prong,3.9956346776871614,0.0,3.9956346776871614,False,4
568,3,2,forge,3.9956346776871614,0.0,3.9956346776871614,False,4
568,4,1,gorge,3.9956346776871614,0.0,3.9956346776871614,True,4
569,2,94,clout,5.01226299802091,0.0,5.01226299802091,False,4
569,3,8,loamy,2.5134578186102607,0.1112373978719404,2.624695216482201,False,4
569,4,1,modal,2.5134578186102607,0.1112373978719404,2.624695216482201,True,4
570,2,103,deter,4.345544290945185,0.009548680565350782,4.355092971510535,False,3
570,3,1,meter,4.345544290945185,0.009548680565350782,4.355092971510535,True,3
571,2,44,plant,4.239582143153527,0.0,4.239582143153527,False,3
571,3,1,shaft,4.239582143153527,0.0,4.239582143153527,True,3
572,2,70,cleat,4.660072653042596,0.012616273972314785,4.672688927014911,False,4
572,3,4,leapt,1.9905707630874887,0.248887921508532,2.2394586845960207,False,4
572,4,1,exalt,1.9905707630874887,0.248887921508532,2.2394586845960207,True,4
573,2,108,pilot,4.697164821128426,0.010625798935333771,4.70779062006376,False,3
573,3,1,bigot,4.697164821128426,0.010625798935333771,4.70779062006376,True,3
574,2,92,count,4.245196362820736,0.0,4.245196362820736,False,3
574,3,1,canny,4.245196362820736,0.0,4.245196362820736,True,3
575,2,2,daisy,4.245196362820736,0.0,4.245196362820736,False,3
575,3,1,waist,4.245196362820736,0.0,4.245196362820736,True,3
576,2,17,floss,3.602896277680835,0.06013667528007432,3.6630329529609096,False,3
576,3,1,slush,3.602896277680835,0.06013667528007432,3.6630329529609096,True,3
577,2,78,crowd,4.371952890460427,0.0,4.371952890460427,False,5
577,3,9,grant,2.7306518852301256,0.12168817025554832,2.8523400554856737,False,5
577,4,2,graph,2.7306518852301256,0.12168817025554832,2.8523400554856737,False,5
577,5,1,gravy,2.7306518852301256,0.12168817025554832,2.8523400554856737,True,5
578,2,103,deter,4.345544290945185,0.009548680565350782,4.355092971510535,False,4
578,3,2,cruel,4.345544290945185,0.009548680565350782,4.355092971510535,False,4
578,4,1,gruel,4.345544290945185,0.009548680565350782,4.355092971510535,True,4
579,2,61,could,4.7296830030311545,0.0,4.7296830030311545,False,3
579,3,2,bulge,4.7296830030311545,0.0,4.7296830030311545,True,3
580,2,34,until,4.282480676815465,0.0,4.282480676815465,False,3
580,3,1,giant,4.282480676815465,0.0,4.282480676815465,True,3
581,2,169,mulch,5.22134960510835,0.005701227898226248,5.227050833006577,False,4
581,3,6,whoop,2.575353676966465,0.14313775185389546,2.7184914288203603,False,4
581,4,1,photo,2.575353676966465,0.14313775185389546,2.7184914288203603,True,4
582,2,103,count,4.935951598196658,0.0,4.935951598196658,False,3
582,3,1,gourd,4.935951598196658,0.0,4.935951598196658,True,3
583,2,94,clout,5.01226299802091,0.0,5.01226299802091,False,4
583,3,10,plank,2.9092424616016554,0.09706599050690408,3.0063084521085597,False,4
583,4,1,allay,2.9092424616016554,0.09706599050690408,3.0063084521085597,True,4
584,2,35,lipid,4.09883827351893,0.0,4.09883827351893,False,3
584,3,1,filet,4.09883827351893,0.0,4.09883827351893,True,3
585,2,169,mulch,5.22134960510835,0.005701227898226248,5.227050833006577,False,3
585,3,6,bully,1.7570902463290055,0.1774126240221276,1.934502870351133,True,3
586,2,26,track,3.128720724997513,0.0,3.128720724997513,False,4
586,3,7,grade,1.8472778541854757,0.16078237579887417,2.0080602299843497,False,4
586,4,1,drape,1.8472778541854757,0.16078237579887417,2.0080602299843497,True,4
587,2,17,stone,2.9831899189352837,0.06667579439689536,3.049865713332179,False,4
587,3,3,stove,0.9231352983026546,0.3382511112267511,1.2613864095294058,False,4
587,4,2,stole,0.9231352983026546,0.3382511112267511,1.2613864095294058,True,4
588,2,108,pilot,4.697164821128426,0.010625798935333771,4.70779062006376,False,4
588,3,14,width,3.0823075615377693,0.08225851525834274,3.164566076796112,False,4
588,4,1,ditty,3.0823075615377693,0.08225851525834274,3.164566076796112,True,4
589,2,41,bland,3.8456913286080283,0.0,3.8456913286080283,False,5
589,3,10,weave,2.184997739097101,0.10492260933937213,2.289920348436473,False,5
589,4,5,agate,1.9218851187666326,0.2045489890067837,2.126434107773416,False,5
589,5,1,agape,1.9218851187666326,0.2045489890067837,2.126434107773416,True,5
590,2,5,basic,1.3814116351621328,0.21449598330539618,1.595907618467529,False,3
590,3,1,satin,1.3814116351621328,0.21449598330539618,1.595907618467529,True,3
591,2,6,rogue,2.5826555684900923,0.1682007899703071,2.7508563584603993,False,3
591,3,1,rouge,2.5826555684900923,0.1682007899703071,2.7508563584603993,True,3
592,2,78,crowd,4.371952890460427,0.0,4.371952890460427,False,4
592,3,11,altar,3.284432659886896,0.09096289031997906,3.375395550206875,False,4
592,4,2,quark,3.284432659886896,0.09096289031997906,3.375395550206875,True,4
593,2,35,lipid,4.09883827351893,0.0,4.09883827351893,False,4
593,3,3,video,1.5641441802087699,0.4095299421845876,1.9736741223933576,False,4
593,4,1,dicey,1.5641441802087699,0.4095299421845876,1.9736741223933576,True,4
594,2,51,blunt,4.292231515194711,0.0,4.292231515194711,False,3
594,3,1,built,4.292231515194711,0.0,4.292231515194711,True,3
595,2,92,count,4.245196362820736,0.0,4.245196362820736,False,3
595,3,9,fatty,2.4479587941666523,0.12266754257299578,2.570626336739648,True,3
596,2,103,deter,4.345544290945185,0.009548680565350782,4.355092971510535,False,3
596,3,4,truer,1.9784625045758588,0.2087746637431409,2.1872371683189997,True,3
597,2,24,count,3.696699599272014,0.0,3.696699599272014,False,4
597,3,2,sworn,3.696699599272014,0.0,3.696699599272014,False,4
597,4,1,shorn,3.696699599272014,0.0,3.696699599272014,True,4
598,2,18,sheer,3.301525333703203,0.060061970259315235,3.3615873039625184,False,4
598,3,2,sperm,3.301525333703203,0.060061970259315235,3.3615873039625184,False,4
598,4,1,stern,3.301525333703203,0.060061970259315235,3.3615873039625184,True,4
599,2,18,trail,3.2288491345661354,0.06129123306107335,3.2901403676272087,False,3
599,3,1,flair,3.2288491345661354,0.06129123306107335,3.2901403676272087,True,3
600,2,1,parse,3.2288491345661354,0.06129123306107335,3.2901403676272087,True,2
601,2,78,crowd,4.371952890460427,0.0,4.371952890460427,False,3
601,3,1,ardor,4.371952890460427,0.0,4.371952890460427,True,3
602,2,103,deter,4.345544290945185,0.009548680565350782,4.355092971510535,False,4
602,3,3,query,1.5829875782225105,0.3520919888736335,1.935079567096144,False,4
602,4,1,wreck,1.5829875782225105,0.3520919888736335,1.935079567096144,True,4
603,2,20,could,3.38460977638414,0.0,3.38460977638414,False,4
603,3,2,rerun,3.38460977638414,0.0,3.38460977638414,False,4
603,4,1,rebut,3.38460977638414,0.0,3.38460977638414,True,4
604,2,29,knelt,3.8776077647628067,0.0,3.8776077647628067,False,4
604,3,3,skiff,1.5840800339251468,0.34713767030500287,1.9312177042301497,False,4
604,4,1,skimp,1.5840800339251468,0.34713767030500287,1.9312177042301497,True,4
605,2,13,crust,3.411112677482356,0.07466477032407974,3.485777447806436,False,4
605,3,2,frost,3.411112677482356,0.07466477032407974,3.485777447806436,False,4
605,4,1,tryst,3.411112677482356,0.07466477032407974,3.485777447806436,True,4
606,2,29,knelt,3.8776077647628067,0.0,3.8776077647628067,False,4
606,3,6,using,2.2690782560071705,0.19887067651192145,2.467948932519092,False,4
606,4,1,scion,2.2690782560071705,0.19887067651192145,2.467948932519092,True,4
607,2,61,could,4.7296830030311545,0.0,4.7296830030311545,False,3
607,3,2,bulge,4.7296830030311545,0.0,4.7296830030311545,True,3
608,2,15,edict,3.0994820351323993,0.06476195069248716,3.1642439858248865,False,4
608,3,2,eying,3.0994820351323993,0.06476195069248716,3.1642439858248865,False,4
608,4,1,eking,3.0994820351323993,0.06476195069248716,3.1642439858248865,True,4
609,2,103,count,4.935951598196658,0.0,4.935951598196658,False,5
609,3,7,world,2.5253269840237214,0.18391614529539185,2.709243129319113,False,5
609,4,2,morph,2.5253269840237214,0.18391614529539185,2.709243129319113,False,5
609,5,1,forgo,2.5253269840237214,0.18391614529539185,2.709243129319113,True,5
610,2,103,count,4.935951598196658,0.0,4.935951598196658,False,4
610,3,6,juror,2.200463794515305,0.1493316943375472,2.3497954888528523,False,4
610,4,1,flour,2.200463794515305,0.1493316943375472,2.3497954888528523,True,4
611,2,103,deter,4.345544290945185,0.009548680565350782,4.355092971510535,False,5
611,3,8,merry,2.2597776585575735,0.13073007398327818,2.3905077325408515,False,5
611,4,2,ferry,2.2597776585575735,0.13073007398327818,2.3905077325408515,False,5
611,5,1,berry,2.2597776585575735,0.13073007398327818,2.3905077325408515,True,5
612,2,51,blunt,4.292231515194711,0.0,4.292231515194711,False,4
612,3,7,doing,2.538902048929354,0.1650574022178063,2.7039594511471603,False,4
612,4,1,going,2.538902048929354,0.1650574022178063,2.7039594511471603,True,4
613,2,103,deter,4.345544290945185,0.009548680565350782,4.355092971510535,False,5
613,3,27,comfy,3.1903709071786333,0.0,3.1903709071786333,False,5
613,4,3,upper,1.5605780746881748,0.42103258827075896,1.9816106629589338,False,5
613,5,1,purer,1.5605780746881748,0.42103258827075896,1.9816106629589338,True,5
614,2,26,track,3.128720724997513,0.0,3.128720724997513,False,4
614,3,7,grade,1.8472778541854757,0.16078237579887417,2.0080602299843497,False,4
614,4,2,frame,1.8472778541854757,0.16078237579887417,2.0080602299843497,True,4
615,2,78,crowd,4.371952890460427,0.0,4.371952890460427,False,4
615,3,4,arbor,1.9996134686086395,0.24961027665111865,2.249223745259758,False,4
615,4,1,bravo,1.9996134686086395,0.24961027665111865,2.249223745259758,True,4
616,2,26,lingo,3.72052858222838,0.0,3.72052858222838,False,3
616,3,1,liege,3.72052858222838,0.0,3.72052858222838,True,3
617,2,169,mulch,5.22134960510835,0.005701227898226248,5.227050833006577,False,3
617,3,1,month,5.22134960510835,0.005701227898226248,5.227050833006577,True,3
618,2,103,deter,4.345544290945185,0.009548680565350782,4.355092971510535,False,3
618,3,4,truer,1.9784625045758588,0.2087746637431409,2.1872371683189997,True,3
619,2,122,betel,5.067321848877104,0.00668436560980362,5.074006214486908,False,3
619,3,1,enemy,5.067321848877104,0.00668436560980362,5.074006214486908,True,3
620,2,20,cloth,3.623175687562422,0.0,3.623175687562422,False,3
620,3,1,loose,3.623175687562422,0.0,3.623175687562422,True,3
621,2,78,crowd,4.371952890460427,0.0,4.371952890460427,False,4
621,3,3,flora,1.5834106823447063,0.3534483727100073,1.9368590550547136,False,4
621,4,1,abort,1.5834106823447063,0.3534483727100073,1.9368590550547136,True,4
622,2,23,cloth,3.905401798674347,0.0,3.905401798674347,False,4
622,3,2,glide,3.905401798674347,0.0,3.905401798674347,False,4
622,4,1,elide,3.905401798674347,0.0,3.905401798674347,True,4
623,2,28,crypt,3.4932541600233598,0.0,3.4932541600233598,False,4
623,3,2,whirl,3.4932541600233598,0.0,3.4932541600233598,False,4
623,4,1,quirk,3.4932541600233598,0.0,3.4932541600233598,True,4
624,2,103,count,4.935951598196658,0.0,4.935951598196658,False,5
624,3,15,droop,3.439277035472058,0.055587501149019475,3.4948645366210775,False,5
624,4,3,brook,1.5839667562316644,0.34874471627298326,1.9327114725046477,False,5
624,5,1,broom,1.5839667562316644,0.34874471627298326,1.9327114725046477,True,5
625,2,40,prong,3.9956346776871614,0.0,3.9956346776871614,False,4
625,3,4,crude,1.9987899904682327,0.2665492409286878,2.2653392313969203,False,4
625,4,1,brute,1.9987899904682327,0.2665492409286878,2.2653392313969203,True,4
626,2,78,crowd,4.371952890460427,0.0,4.371952890460427,False,4
626,3,4,brawl,1.9990326000582104,0.2560777094807838,2.255110309538994,False,4
626,4,1,prawn,1.9990326000582104,0.2560777094807838,2.255110309538994,True,4
627,2,103,count,4.935951598196658,0.0,4.935951598196658,False,3
627,3,1,north,4.935951598196658,0.0,4.935951598196658,True,3
628,2,17,floss,3.602896277680835,0.06013667528007432,3.6630329529609096,False,3
628,3,2,ghost,3.602896277680835,0.06013667528007432,3.6630329529609096,True,3
629,2,94,clout,5.01226299802091,0.0,5.01226299802091,False,4
629,3,2,allow,5.01226299802091,0.0,5.01226299802091,False,4
629,4,1,alloy,5.01226299802091,0.0,5.01226299802091,True,4
630,2,103,count,4.935951598196658,0.0,4.935951598196658,False,5
630,3,15,droop,3.439277035472058,0.055587501149019475,3.4948645366210775,False,5
630,4,3,brook,1.5839667562316644,0.34874471627298326,1.9327114725046477,False,5
630,5,1,broom,1.5839667562316644,0.34874471627298326,1.9327114725046477,True,5
631,2,24,count,3.696699599272014,0.0,3.696699599272014,False,3
631,3,1,spurn,3.696699599272014,0.0,3.696699599272014,True,3
632,2,122,betel,5.067321848877104,0.00668436560980362,5.074006214486908,False,3
632,3,4,lumen,1.9980285951145138,0.26516666152542745,2.2631952566399414,True,3
633,2,122,betel,5.067321848877104,0.00668436560980362,5.074006214486908,False,4
633,3,6,enjoy,2.5737390173432155,0.1883710231343427,2.762110040477558,False,4
633,4,1,envoy,2.5737390173432155,0.1883710231343427,2.762110040477558,True,4
634,2,6,rogue,2.5826555684900923,0.1682007899703071,2.7508563584603993,False,3
634,3,1,revue,2.5826555684900923,0.1682007899703071,2.7508563584603993,True,3
635,2,122,betel,5.067321848877104,0.00668436560980362,5.074006214486908,False,4
635,3,6,enjoy,2.5737390173432155,0.1883710231343427,2.762110040477558,False,4
635,4,1,epoch,2.5737390173432155,0.1883710231343427,2.762110040477558,True,4
636,2,28,gulch,4.010426759450907,0.0,4.010426759450907,False,3
636,3,1,vague,4.010426759450907,0.0,4.010426759450907,True,3
637,2,80,month,4.5824004036087675,0.0,4.5824004036087675,False,3
637,3,7,skull,2.7951969798609957,0.17120972969544587,2.9664067095564417,True,3
638,2,51,blunt,4.292231515194711,0.0,4.292231515194711,False,4
638,3,2,point,4.292231515194711,0.0,4.292231515194711,False,4
638,4,1,joint,4.292231515194711,0.0,4.292231515194711,True,4
639,2,169,mulch,5.22134960510835,0.005701227898226248,5.227050833006577,False,3
639,3,4,touch,0.8546881486817759,0.2794410975751584,1.1341292462569343,True,3
640,2,6,radio,2.2567332065527683,0.1896104888760599,2.446343695428828,False,3
640,3,1,rabbi,2.2567332065527683,0.1896104888760599,2.446343695428828,True,3
641,2,80,month,4.5824004036087675,0.0,4.5824004036087675,False,4
641,3,9,spool,2.6987726418663804,0.1211499938956039,2.8199226357619844,False,4
641,4,2,spoof,2.6987726418663804,0.1211499938956039,2.8199226357619844,True,4
642,2,169,mulch,5.22134960510835,0.005701227898226248,5.227050833006577,False,4
642,3,16,goody,3.276242855634696,0.0620977697643773,3.338340625399073,False,4
642,4,1,bongo,3.276242855634696,0.0620977697643773,3.338340625399073,True,4
643,2,8,grass,2.1462555441094855,0.1363615444276059,2.2826170885370916,False,4
643,3,2,brass,2.1462555441094855,0.1363615444276059,2.2826170885370916,False,4
643,4,1,crass,2.1462555441094855,0.1363615444276059,2.2826170885370916,True,4
644,2,70,cleat,4.660072653042596,0.012616273972314785,4.672688927014911,False,4
644,3,2,decal,4.660072653042596,0.012616273972314785,4.672688927014911,False,4
644,4,1,fecal,4.660072653042596,0.012616273972314785,4.672688927014911,True,4
645,2,94,clout,5.01226299802091,0.0,5.01226299802091,False,4
645,3,4,clank,1.9944260927289463,0.2400506694295567,2.234476762158503,False,4
645,4,1,clack,1.9944260927289463,0.2400506694295567,2.234476762158503,True,4
646,2,20,cloth,3.623175687562422,0.0,3.623175687562422,False,4
646,3,3,sense,1.5807326165866233,0.36606925575461285,1.9468018723412361,False,4
646,4,1,dense,1.5807326165866233,0.36606925575461285,1.9468018723412361,True,4
647,2,108,pilot,4.697164821128426,0.010625798935333771,4.70779062006376,False,4
647,3,7,filmy,1.6516355423642881,0.13896048519377618,1.7905960275580644,False,4
647,4,1,milky,1.6516355423642881,0.13896048519377618,1.7905960275580644,True,4
648,2,169,mulch,5.22134960510835,0.005701227898226248,5.227050833006577,False,4
648,3,14,blown,3.4684877429308827,0.07622000297265263,3.544707745903535,False,4
648,4,1,nobly,3.4684877429308827,0.07622000297265263,3.544707745903535,True,4
649,2,92,count,4.245196362820736,0.0,4.245196362820736,False,3
649,3,1,datum,4.245196362820736,0.0,4.245196362820736,True,3
650,2,169,mulch,5.22134960510835,0.005701227898226248,5.227050833006577,False,4
650,3,2,thumb,5.22134960510835,0.005701227898226248,5.227050833006577,False,4
650,4,1,thump,5.22134960510835,0.005701227898226248,5.227050833006577,True,4
651,2,70,cleat,4.660072653042596,0.012616273972314785,4.672688927014911,False,4
651,3,3,began,1.574259144408958,0.38186218580013037,1.9561213302090883,False,4
651,4,1,vegan,1.574259144408958,0.38186218580013037,1.9561213302090883,True,4
652,2,108,pilot,4.697164821128426,0.010625798935333771,4.70779062006376,False,3
652,3,1,tulip,4.697164821128426,0.010625798935333771,4.70779062006376,True,3
653,2,78,crowd,4.371952890460427,0.0,4.371952890460427,False,4
653,3,9,polar,2.9602272038324466,0.12621933304161762,3.0864465368740643,False,4
653,4,1,abhor,2.9602272038324466,0.12621933304161762,3.0864465368740643,True,4
654,2,169,mulch,5.22134960510835,0.005701227898226248,5.227050833006577,False,4
654,3,2,thumb,5.22134960510835,0.005701227898226248,5.227050833006577,False,4
654,4,1,thump,5.22134960510835,0.005701227898226248,5.227050833006577,True,4
655,2,29,knelt,3.8776077647628067,0.0,3.8776077647628067,False,5
655,3,6,using,2.2690782560071705,0.19887067651192145,2.467948932519092,False,5
655,4,2,shiny,2.2690782560071705,0.19887067651192145,2.467948932519092,False,5
655,5,1,spiny,2.2690782560071705,0.19887067651192145,2.467948932519092,True,5
656,2,26,cloth,3.451017859683121,0.0,3.451017859683121,False,4
656,3,3,harry,0.9609678776695094,0.3842197775846952,1.3451876552542046,False,4
656,4,2,hardy,0.9609678776695094,0.3842197775846952,1.3451876552542046,True,4
657,2,22,shout,4.078196116709489,0.0,4.078196116709489,False,3
657,3,1,music,4.078196116709489,0.0,4.078196116709489,True,3
658,2,70,cleat,4.660072653042596,0.012616273972314785,4.672688927014911,False,4
658,3,3,began,1.574259144408958,0.38186218580013037,1.9561213302090883,False,4
658,4,1,kebab,1.574259144408958,0.38186218580013037,1.9561213302090883,True,4
659,2,70,cleat,4.660072653042596,0.012616273972314785,4.672688927014911,False,3
659,3,2,pleat,4.660072653042596,0.012616273972314785,4.672688927014911,True,3
660,2,103,count,4.935951598196658,0.0,4.935951598196658,False,3
660,3,1,thrum,4.935951598196658,0.0,4.935951598196658,True,3
661,2,94,clout,5.01226299802091,0.0,5.01226299802091,False,3
661,3,1,chant,5.01226299802091,0.0,5.01226299802091,True,3
662,2,23,thong,3.966481601291152,0.0,3.966481601291152,False,3
662,3,1,irony,3.966481601291152,0.0,3.966481601291152,True,3
663,2,108,pilot,4.697164821128426,0.010625798935333771,4.70779062006376,False,3
663,3,1,hippo,4.697164821128426,0.010625798935333771,4.70779062006376,True,3
664,2,169,mulch,5.22134960510835,0.005701227898226248,5.227050833006577,False,5
664,3,16,goody,3.276242855634696,0.0620977697643773,3.338340625399073,False,5
664,4,2,dowdy,3.276242855634696,0.0620977697643773,3.338340625399073,False,5
664,5,1,toddy,3.276242855634696,0.0620977697643773,3.338340625399073,True,5
665,2,18,sheer,3.301525333703203,0.060061970259315235,3.3615873039625184,False,4
665,3,4,super,1.5013194645926125,0.31500513487409554,1.816324599466708,False,4
665,4,1,surer,1.5013194645926125,0.31500513487409554,1.816324599466708,True,4
666,2,17,stone,2.9831899189352837,0.06667579439689536,3.049865713332179,False,3
666,3,1,scene,2.9831899189352837,0.06667579439689536,3.049865713332179,True,3
667,2,169,mulch,5.22134960510835,0.005701227898226248,5.227050833006577,False,4
667,3,14,blown,3.4684877429308827,0.07622000297265263,3.544707745903535,False,4
667,4,1,flown,3.4684877429308827,0.07622000297265263,3.544707745903535,True,4
668,2,169,mulch,5.22134960510835,0.005701227898226248,5.227050833006577,False,5
668,3,15,funny,2.7531374814959375,0.07989462726159306,2.8330321087575308,False,5
668,4,2,outdo,2.7531374814959375,0.07989462726159306,2.8330321087575308,False,5
668,5,1,outgo,2.7531374814959375,0.07989462726159306,2.8330321087575308,True,5
669,2,51,blunt,4.292231515194711,0.0,4.292231515194711,False,3
669,3,2,union,4.292231515194711,0.0,4.292231515194711,True,3
670,2,27,fiend,3.478688988342879,0.0,3.478688988342879,False,4
670,3,3,fiber,0.9556610913371096,0.3766767902925008,1.3323378816296105,False,4
670,4,2,filer,0.9556610913371096,0.3766767902925008,1.3323378816296105,True,4
671,2,169,mulch,5.22134960510835,0.005701227898226248,5.227050833006577,False,4
671,3,16,goody,3.276242855634696,0.0620977697643773,3.338340625399073,False,4
671,4,1,goofy,3.276242855634696,0.0620977697643773,3.338340625399073,True,4
672,2,20,cloth,3.623175687562422,0.0,3.623175687562422,False,3
672,3,1,house,3.623175687562422,0.0,3.623175687562422,True,3
673,2,103,count,4.935951598196658,0.0,4.935951598196658,False,3
673,3,2,crumb,4.935951598196658,0.0,4.935951598196658,True,3
674,2,92,count,4.245196362820736,0.0,4.245196362820736,False,4
674,3,20,madly,3.7053659522157996,0.04851794805295685,3.7538839002687565,False,4
674,4,1,gayly,3.7053659522157996,0.04851794805295685,3.7538839002687565,True,4
675,2,4,stein,1.991836608006058,0.2861933610266676,2.2780299690327257,False,3
675,3,1,islet,1.991836608006058,0.2861933610266676,2.2780299690327257,True,3
676,2,122,betel,5.067321848877104,0.00668436560980362,5.074006214486908,False,3
676,3,1,elbow,5.067321848877104,0.00668436560980362,5.074006214486908,True,3
677,2,44,plant,4.239582143153527,0.0,4.239582143153527,False,4
677,3,5,shack,2.320228550163101,0.2029212201109823,2.5231497702740833,False,4
677,4,1,shady,2.320228550163101,0.2029212201109823,2.5231497702740833,True,4
678,2,80,month,4.5824004036087675,0.0,4.5824004036087675,False,4
678,3,3,focus,1.5745287898059819,0.3829086737065196,1.9574374635125014,False,4
678,4,1,locus,1.5745287898059819,0.3829086737065196,1.9574374635125014,True,4
679,2,92,count,4.245196362820736,0.0,4.245196362820736,False,3
679,3,7,watch,1.1289124651034985,0.1582295383267696,1.287142003430268,True,3
680,2,61,could,4.7296830030311545,0.0,4.7296830030311545,False,4
680,3,4,hence,1.4890726408375943,0.27764948099573117,1.7667221218333253,False,4
680,4,2,fence,1.4890726408375943,0.27764948099573117,1.7667221218333253,True,4
681,2,94,clout,5.01226299802091,0.0,5.01226299802091,False,3
681,3,1,album,5.01226299802091,0.0,5.01226299802091,True,3
682,2,103,count,4.935951598196658,0.0,4.935951598196658,False,3
682,3,1,truck,4.935951598196658,0.0,4.935951598196658,True,3
683,2,41,bland,3.8456913286080283,0.0,3.8456913286080283,False,3
683,3,1,atone,3.8456913286080283,0.0,3.8456913286080283,True,3
684,2,78,crowd,4.371952890460427,0.0,4.371952890460427,False,3
684,3,1,chard,4.371952890460427,0.0,4.371952890460427,True,3
685,2,103,deter,4.345544290945185,0.009548680565350782,4.355092971510535,False,5
685,3,8,merry,2.2597776585575735,0.13073007398327818,2.3905077325408515,False,5
685,4,2,heron,2.2597776585575735,0.13073007398327818,2.3905077325408515,False,5
685,5,1,perch,2.2597776585575735,0.13073007398327818,2.3905077325408515,True,5
686,2,92,count,4.245196362820736,0.0,4.245196362820736,False,4
686,3,3,caddy,1.5774522613916324,0.36584389731970013,1.9432961587113327,False,4
686,4,1,cabal,1.5774522613916324,0.36584389731970013,1.9432961587113327,True,4
687,2,20,could,3.38460977638414,0.0,3.38460977638414,False,3
687,3,1,rodeo,3.38460977638414,0.0,3.38460977638414,True,3
688,2,22,shalt,3.453410506083153,0.0,3.453410506083153,False,4
688,3,4,class,1.9916700968761076,0.2814419149685624,2.27311201184467,False,4
688,4,1,clasp,1.9916700968761076,0.2814419149685624,2.27311201184467,True,4
689,2,51,blunt,4.292231515194711,0.0,4.292231515194711,False,4
689,3,2,thick,4.292231515194711,0.0,4.292231515194711,False,4
689,4,1,thigh,4.292231515194711,0.0,4.292231515194711,True,4
690,2,80,month,4.5824004036087675,0.0,4.5824004036087675,False,3
690,3,3,focus,1.5745287898059819,0.3829086737065196,1.9574374635125014,True,3
691,2,61,could,4.7296830030311545,0.0,4.7296830030311545,False,3
691,3,1,dodge,4.7296830030311545,0.0,4.7296830030311545,True,3
692,2,6,rogue,2.5826555684900923,0.1682007899703071,2.7508563584603993,False,3
692,3,1,rhyme,2.5826555684900923,0.1682007899703071,2.7508563584603993,True,3
693,2,61,could,4.7296830030311545,0.0,4.7296830030311545,False,4
693,3,4,phone,1.9933588551251147,0.28373318600207803,2.277092041127193,False,4
693,4,1,ozone,1.9933588551251147,0.28373318600207803,2.277092041127193,True,4
694,2,17,tripe,2.150723725386372,0.04783081337738305,2.198554538763755,False,5
694,3,7,bride,1.8656093866155652,0.14913720086646895,2.0147465874820343,False,5
694,4,2,brine,1.8656093866155652,0.14913720086646895,2.0147465874820343,False,5
694,5,1,bribe,1.8656093866155652,0.14913720086646895,2.0147465874820343,True,5
695,2,61,could,4.7296830030311545,0.0,4.7296830030311545,False,4
695,3,2,clone,4.7296830030311545,0.0,4.7296830030311545,False,4
695,4,1,clove,4.7296830030311545,0.0,4.7296830030311545,True,4
696,2,103,deter,4.345544290945185,0.009548680565350782,4.355092971510535,False,4
696,3,27,comfy,3.1903709071786333,0.0,3.1903709071786333,False,4
696,4,1,owner,3.1903709071786333,0.0,3.1903709071786333,True,4
697,2,2,ridge,3.1903709071786333,0.0,3.1903709071786333,False,3
697,3,1,rifle,3.1903709071786333,0.0,3.1903709071786333,True,3
698,2,44,plant,4.239582143153527,0.0,4.239582143153527,False,4
698,3,5,shack,2.320228550163101,0.2029212201109823,2.5231497702740833,False,4
698,4,1,shaky,2.320228550163101,0.2029212201109823,2.5231497702740833,True,4
699,2,5,share,0.7738513081668094,0.22762681187262268,1.001478120039432,True,2
700,2,70,cleat,4.660072653042596,0.012616273972314785,4.672688927014911,False,4
700,3,6,fella,2.5746081882605765,0.16724997828912494,2.7418581665497013,False,4
700,4,1,abled,2.5746081882605765,0.16724997828912494,2.7418581665497013,True,4
701,2,51,blunt,4.292231515194711,0.0,4.292231515194711,False,3
701,3,3,think,1.579052458727683,0.35856755884802777,1.9376200175757108,True,3
702,2,78,crowd,4.371952890460427,0.0,4.371952890460427,False,3
702,3,3,brand,1.5843922667038088,0.3420438157106478,1.9264360824144566,True,3
703,2,40,prong,3.9956346776871614,0.0,3.9956346776871614,False,4
703,3,4,force,1.9902338229001577,0.29256471190283667,2.2827985348029944,False,4
703,4,1,forte,1.9902338229001577,0.29256471190283667,2.2827985348029944,True,4
704,2,41,spelt,4.4167166368094275,0.021718152088787676,4.438434788898215,True,2
705,2,21,splat,3.4382184230394266,0.0,3.4382184230394266,False,3
705,3,1,solar,3.4382184230394266,0.0,3.4382184230394266,True,3
706,2,22,shout,4.078196116709489,0.0,4.078196116709489,False,4
706,3,2,silly,4.078196116709489,0.0,4.078196116709489,False,4
706,4,1,silky,4.078196116709489,0.0,4.078196116709489,True,4
707,2,13,relay,2.8454359750373377,0.08153663531164862,2.926972610348986,False,3
707,3,1,repay,2.8454359750373377,0.08153663531164862,2.926972610348986,True,3
708,2,94,clout,5.01226299802091,0.0,5.01226299802091,False,3
708,3,2,champ,5.01226299802091,0.0,5.01226299802091,True,3
709,2,34,bleat,3.8729354751388456,0.0,3.8729354751388456,False,3
709,3,6,dream,1.8579966471538745,0.19195187626668914,2.0499485234205634,True,3
710,2,23,cloth,3.905401798674347,0.0,3.905401798674347,False,4
710,3,2,glide,3.905401798674347,0.0,3.905401798674347,False,4
710,4,1,elide,3.905401798674347,0.0,3.905401798674347,True,4
711,2,35,lipid,4.09883827351893,0.0,4.09883827351893,False,3
711,3,1,pixel,4.09883827351893,0.0,4.09883827351893,True,3
712,2,26,track,3.128720724997513,0.0,3.128720724997513,False,4
712,3,2,grace,3.128720724997513,0.0,3.128720724997513,False,4
712,4,1,brace,3.128720724997513,0.0,3.128720724997513,True,4
713,2,169,mulch,5.22134960510835,0.005701227898226248,5.227050833006577,True,2
714,2,7,stain,2.801793990755532,0.14794587742962445,2.9497398681851563,False,3
714,3,1,sigma,2.801793990755532,0.14794587742962445,2.9497398681851563,True,3
715,2,103,deter,4.345544290945185,0.009548680565350782,4.355092971510535,False,3
715,3,4,cheer,1.4998387604047567,0.2675634746179481,1.7674022350227048,True,3
716,2,26,track,3.128720724997513,0.0,3.128720724997513,False,4
716,3,2,grace,3.128720724997513,0.0,3.128720724997513,False,4
716,4,1,brace,3.128720724997513,0.0,3.128720724997513,True,4
717,2,35,lipid,4.09883827351893,0.0,4.09883827351893,False,4
717,3,3,given,1.577388120384004,0.36513708492655994,1.942525205310564,False,4
717,4,1,eight,1.577388120384004,0.36513708492655994,1.942525205310564,True,4
718,2,15,spine,2.1084426460654164,0.06920605598908156,2.177648702054498,False,4
718,3,7,smile,2.20391242910844,0.1527798492827298,2.35669227839117,False,4
718,4,2,slide,2.20391242910844,0.1527798492827298,2.35669227839117,True,4
719,2,35,lipid,4.09883827351893,0.0,4.09883827351893,False,3
719,3,3,field,0.9549688408105954,0.37572794220996136,1.3306967830205567,True,3
720,2,51,blunt,4.292231515194711,0.0,4.292231515194711,False,4
720,3,2,idiot,4.292231515194711,0.0,4.292231515194711,False,4
720,4,1,twixt,4.292231515194711,0.0,4.292231515194711,True,4
721,2,61,could,4.7296830030311545,0.0,4.7296830030311545,False,3
721,3,1,choke,4.7296830030311545,0.0,4.7296830030311545,True,3
722,2,61,could,4.7296830030311545,0.0,4.7296830030311545,False,3
722,3,1,ounce,4.7296830030311545,0.0,4.7296830030311545,True,3
723,2,169,mulch,5.22134960510835,0.005701227898226248,5.227050833006577,False,4
723,3,8,flunk,2.9802658509155293,0.10230611341063474,3.082571964326164,False,4
723,4,1,bluff,2.9802658509155293,0.10230611341063474,3.082571964326164,True,4
724,2,122,betel,5.067321848877104,0.00668436560980362,5.074006214486908,False,3
724,3,6,depth,2.5824754443377254,0.18214397525024048,2.764619419587966,True,3
725,2,108,pilot,4.697164821128426,0.010625798935333771,4.70779062006376,False,5
725,3,16,windy,3.2157677330063636,0.06770809730809803,3.2834758303144618,False,5
725,4,3,finch,1.5809222450416969,0.36554458188142896,1.9464668269231258,False,5
725,5,1,minim,1.5809222450416969,0.36554458188142896,1.9464668269231258,True,5
726,2,26,cloth,3.451017859683121,0.0,3.451017859683121,False,4
726,3,6,major,1.9242746152708134,0.1835649002357578,2.1078395155065714,False,4
726,4,1,baron,1.9242746152708134,0.1835649002357578,2.1078395155065714,True,4
727,2,78,crowd,4.371952890460427,0.0,4.371952890460427,False,3
727,3,4,brawl,1.9990326000582104,0.2560777094807838,2.255110309538994,True,3
728,2,44,plant,4.239582143153527,0.0,4.239582143153527,False,4
728,3,4,squad,1.9924662762110241,0.2695233067657695,2.2619895829767938,False,4
728,4,1,sumac,1.9924662762110241,0.2695233067657695,2.2619895829767938,True,4
729,2,103,deter,4.345544290945185,0.009548680565350782,4.355092971510535,False,4
729,3,3,query,1.5829875782225105,0.3520919888736335,1.935079567096144,False,4
729,4,1,wreck,1.5829875782225105,0.3520919888736335,1.935079567096144,True,4
730,2,108,pilot,4.697164821128426,0.010625798935333771,4.70779062006376,False,4
730,3,16,windy,3.2157677330063636,0.06770809730809803,3.2834758303144618,False,4
730,4,1,vivid,3.2157677330063636,0.06770809730809803,3.2834758303144618,True,4
731,2,5,shirk,2.311369752728972,0.16946400025336553,2.4808337529823374,False,3
731,3,1,smirk,2.311369752728972,0.16946400025336553,2.4808337529823374,True,3
732,2,103,deter,4.345544290945185,0.009548680565350782,4.355092971510535,False,3
732,3,1,trend,4.345544290945185,0.009548680565350782,4.355092971510535,True,3
733,2,169,mulch,5.22134960510835,0.005701227898226248,5.227050833006577,False,3
733,3,1,clump,5.22134960510835,0.005701227898226248,5.227050833006577,True,3
734,2,169,mulch,5.22134960510835,0.005701227898226248,5.227050833006577,False,3
734,3,1,lumpy,5.22134960510835,0.005701227898226248,5.227050833006577,True,3
735,2,169,mulch,5.22134960510835,0.005701227898226248,5.227050833006577,False,4
735,3,14,blown,3.4684877429308827,0.07622000297265263,3.544707745903535,False,4
735,4,1,blood,3.4684877429308827,0.07622000297265263,3.544707745903535,True,4
736,2,29,knelt,3.8776077647628067,0.0,3.8776077647628067,False,3
736,3,2,spilt,3.8776077647628067,0.0,3.8776077647628067,True,3
737,2,28,gulch,4.010426759450907,0.0,4.010426759450907,False,4
737,3,5,table,1.9293535684164205,0.237505364250427,2.1668589326668473,False,4
737,4,2,maple,1.9293535684164205,0.237505364250427,2.1668589326668473,True,4
738,2,1,sepia,1.9293535684164205,0.237505364250427,2.1668589326668473,True,2
739,2,12,fried,2.7216335454724954,0.08736869254986797,2.809002238022363,False,3
739,3,1,weird,2.7216335454724954,0.08736869254986797,2.809002238022363,True,3
740,2,108,pilot,4.697164821128426,0.010625798935333771,4.70779062006376,False,4
740,3,2,hippy,4.697164821128426,0.010625798935333771,4.70779062006376,False,4
740,4,1,wimpy,4.697164821128426,0.010625798935333771,4.70779062006376,True,4
741,2,78,crowd,4.371952890460427,0.0,4.371952890460427,False,4
741,3,11,altar,3.284432659886896,0.09096289031997906,3.375395550206875,False,4
741,4,1,augur,3.284432659886896,0.09096289031997906,3.375395550206875,True,4
742,2,169,mulch,5.22134960510835,0.005701227898226248,5.227050833006577,False,3
742,3,15,funny,2.7531374814959375,0.07989462726159306,2.8330321087575308,True,3
743,2,103,count,4.935951598196658,0.0,4.935951598196658,False,3
743,3,1,front,4.935951598196658,0.0,4.935951598196658,True,3
744,2,78,crowd,4.371952890460427,0.0,4.371952890460427,False,4
744,3,11,altar,3.284432659886896,0.09096289031997906,3.375395550206875,False,4
744,4,1,quart,3.284432659886896,0.09096289031997906,3.375395550206875,True,4
745,2,20,cloth,3.623175687562422,0.0,3.623175687562422,False,3
745,3,3,goose,0.9345085655598591,0.35049411226040417,1.2850026778202632,True,3
746,2,70,cleat,4.660072653042596,0.012616273972314785,4.672688927014911,False,3
746,3,2,exact,4.660072653042596,0.012616273972314785,4.672688927014911,True,3
747,2,23,thong,3.966481601291152,0.0,3.966481601291152,False,3
747,3,2,micro,3.966481601291152,0.0,3.966481601291152,True,3
748,2,17,stone,2.9831899189352837,0.06667579439689536,3.049865713332179,False,3
748,3,1,segue,2.9831899189352837,0.06667579439689536,3.049865713332179,True,3
749,2,40,prong,3.9956346776871614,0.0,3.9956346776871614,False,3
749,3,1,prune,3.9956346776871614,0.0,3.9956346776871614,True,3
750,2,94,clout,5.01226299802091,0.0,5.01226299802091,False,3
750,3,1,quack,5.01226299802091,0.0,5.01226299802091,True,3
751,2,94,clout,5.01226299802091,0.0,5.01226299802091,False,3
751,3,3,today,1.5796380258826164,0.37345675001214473,1.953094775894761,True,3
752,2,94,clout,5.01226299802091,0.0,5.01226299802091,False,4
752,3,7,nomad,2.7969236400234605,0.14506250848910135,2.941986148512562,False,4
752,4,1,woman,2.7969236400234605,0.14506250848910135,2.941986148512562,True,4
753,2,20,cloth,3.0089202751472297,0.0,3.0089202751472297,False,3
753,3,4,snake,1.537598016670898,0.2641538151056664,1.8017518317765644,True,3
754,2,6,paint,1.9494647017541098,0.18261647553951527,2.132081177293625,False,3
754,3,1,faith,1.9494647017541098,0.18261647553951527,2.132081177293625,True,3
755,2,80,month,4.5824004036087675,0.0,4.5824004036087675,False,5
755,3,3,stunt,0.9533398367778738,0.37352440709077767,1.3268642438686515,False,5
755,4,2,stung,0.9533398367778738,0.37352440709077767,1.3268642438686515,False,5
755,5,1,stunk,0.9533398367778738,0.37352440709077767,1.3268642438686515,True,5
756,2,78,crowd,4.371952890460427,0.0,4.371952890460427,False,3
756,3,11,altar,3.284432659886896,0.09096289031997906,3.375395550206875,True,3
757,2,7,stain,2.801793990755532,0.14794587742962445,2.9497398681851563,True,2
758,2,103,deter,4.345544290945185,0.009548680565350782,4.355092971510535,False,3
758,3,5,udder,1.8321600234947315,0.159219145132532,1.9913791686272635,True,3
759,2,41,bland,3.8456913286080283,0.0,3.8456913286080283,False,4
759,3,2,adobe,3.8456913286080283,0.0,3.8456913286080283,False,4
759,4,1,abode,3.8456913286080283,0.0,3.8456913286080283,True,4
760,2,29,knelt,3.8776077647628067,0.0,3.8776077647628067,False,4
760,3,2,spilt,3.8776077647628067,0.0,3.8776077647628067,False,4
760,4,1,stilt,3.8776077647628067,0.0,3.8776077647628067,True,4
761,2,26,track,3.128720724997513,0.0,3.128720724997513,False,4
761,3,3,adore,1.5786840552757528,0.31242385288332225,1.8911079081590751,False,4
761,4,1,azure,1.5786840552757528,0.31242385288332225,1.8911079081590751,True,4
762,2,28,crypt,3.4932541600233598,0.0,3.4932541600233598,False,3
762,3,1,trick,3.4932541600233598,0.0,3.4932541600233598,True,3
763,2,103,count,4.935951598196658,0.0,4.935951598196658,False,4
763,3,2,trout,4.935951598196658,0.0,4.935951598196658,False,4
763,4,1,grout,4.935951598196658,0.0,4.935951598196658,True,4
764,2,10,ruddy,2.917992089188093,0.0862602405953228,3.004252329783416,False,3
764,3,1,rugby,2.917992089188093,0.0862602405953228,3.004252329783416,True,3
765,2,103,count,4.935951598196658,0.0,4.935951598196658,False,3
765,3,2,crumb,4.935951598196658,0.0,4.935951598196658,True,3
766,2,28,crypt,3.4932541600233598,0.0,3.4932541600233598,False,3
766,3,1,brick,3.4932541600233598,0.0,3.4932541600233598,True,3
767,2,9,sauce,1.8459647416331548,0.1221455594765204,1.9681103011096752,False,3
767,3,1,caste,1.8459647416331548,0.1221455594765204,1.9681103011096752,True,3
768,2,18,sheer,3.301525333703203,0.060061970259315235,3.3615873039625184,True,2
769,2,5,siege,2.303951691279312,0.19551988387636618,2.4994715751556784,True,2
770,2,108,pilot,4.697164821128426,0.010625798935333771,4.70779062006376,False,4
770,3,2,topic,4.697164821128426,0.010625798935333771,4.70779062006376,False,4
770,4,1,optic,4.697164821128426,0.010625798935333771,4.70779062006376,True,4
771,2,5,crisp,1.4032754916930483,0.2129811501567122,1.6162566418497606,False,3
771,3,1,prism,1.4032754916930483,0.2129811501567122,1.6162566418497606,True,3
772,2,92,count,4.245196362820736,0.0,4.245196362820736,False,4
772,3,20,madly,3.7053659522157996,0.04851794805295685,3.7538839002687565,False,4
772,4,4,baggy,1.4101860973946183,0.24062277531161824,1.6508088727062367,True,4
773,2,4,large,1.528540332004999,0.2985519513243539,1.827092283329353,True,2
774,2,4,raven,1.5013945336460284,0.27324090864015405,1.7746354422861823,True,2
775,2,61,could,4.7296830030311545,0.0,4.7296830030311545,False,3
775,3,2,clone,4.7296830030311545,0.0,4.7296830030311545,True,3
776,2,20,tonal,3.770466915690223,0.0,3.770466915690223,False,3
776,3,1,tasty,3.770466915690223,0.0,3.770466915690223,True,3
777,2,28,gulch,4.010426759450907,0.0,4.010426759450907,False,4
777,3,5,table,1.9293535684164205,0.237505364250427,2.1668589326668473,False,4
777,4,1,latte,1.9293535684164205,0.237505364250427,2.1668589326668473,True,4
778,2,41,spelt,4.4167166368094275,0.021718152088787676,4.438434788898215,False,4
778,3,2,seven,4.4167166368094275,0.021718152088787676,4.438434788898215,False,4
778,4,1,semen,4.4167166368094275,0.021718152088787676,4.438434788898215,True,4
779,2,12,steak,3.009167190314376,0.08468619604188704,3.093853386356263,False,5
779,3,3,steam,0.9379909209727884,0.35446307153470835,1.2924539925074967,False,5
779,4,2,steal,0.9379909209727884,0.35446307153470835,1.2924539925074967,False,5
779,5,1,stead,0.9379909209727884,0.35446307153470835,1.2924539925074967,True,5
780,2,4,robin,1.9914841611118286,0.2564810980048192,2.247965259116648,False,3
780,3,1,rigor,1.9914841611118286,0.2564810980048192,2.247965259116648,True,3
781,2,26,track,3.128720724997513,0.0,3.128720724997513,False,3
781,3,2,grace,3.128720724997513,0.0,3.128720724997513,True,3
782,2,92,count,4.245196362820736,0.0,4.245196362820736,False,4
782,3,3,baton,1.5836557330996768,0.3473528601115321,1.9310085932112089,False,4
782,4,1,tango,1.5836557330996768,0.3473528601115321,1.9310085932112089,True,4
783,2,44,plant,4.239582143153527,0.0,4.239582143153527,False,4
783,3,2,usual,4.239582143153527,0.0,4.239582143153527,False,4
783,4,1,shoal,4.239582143153527,0.0,4.239582143153527,True,4
784,2,108,pilot,4.697164821128426,0.010625798935333771,4.70779062006376,False,3
784,3,1,igloo,4.697164821128426,0.010625798935333771,4.70779062006376,True,3
785,2,94,clout,5.01226299802091,0.0,5.01226299802091,False,4
785,3,3,today,1.5796380258826164,0.37345675001214473,1.953094775894761,False,4
785,4,1,tonga,1.5796380258826164,0.37345675001214473,1.953094775894761,True,4
786,2,103,deter,4.345544290945185,0.009548680565350782,4.355092971510535,False,5
786,3,4,breed,0.8287497123323315,0.26133198549024894,1.0900816978225805,False,5
786,4,3,creed,0.9233226890676443,0.3384447837374818,1.261767472805126,False,5
786,5,2,freed,0.9233226890676443,0.3384447837374818,1.261767472805126,True,5
787,2,122,betel,5.067321848877104,0.00668436560980362,5.074006214486908,False,3
787,3,1,debug,5.067321848877104,0.00668436560980362,5.074006214486908,True,3
788,2,9,hoist,2.4669818111154274,0.11078108776165334,2.5777628988770807,False,3
788,3,2,swish,2.4669818111154274,0.11078108776165334,2.5777628988770807,True,3
789,2,80,month,4.5824004036087675,0.0,4.5824004036087675,False,4
789,3,9,spool,2.6987726418663804,0.1211499938956039,2.8199226357619844,False,4
789,4,1,scoff,2.6987726418663804,0.1211499938956039,2.8199226357619844,True,4
790,2,1,stair,2.6987726418663804,0.1211499938956039,2.8199226357619844,True,2
791,2,70,cleat,4.660072653042596,0.012616273972314785,4.672688927014911,False,3
791,3,2,ahead,4.660072653042596,0.012616273972314785,4.672688927014911,True,3
792,2,108,pilot,4.697164821128426,0.010625798935333771,4.70779062006376,False,4
792,3,2,hippy,4.697164821128426,0.010625798935333771,4.70779062006376,False,4
792,4,1,wimpy,4.697164821128426,0.010625798935333771,4.70779062006376,True,4
793,2,122,betel,5.067321848877104,0.00668436560980362,5.074006214486908,False,4
793,3,4,wheel,1.497273529611697,0.2814416105383341,1.7787151401500312,False,4
793,4,2,excel,1.497273529611697,0.2814416105383341,1.7787151401500312,True,4
794,2,122,betel,5.067321848877104,0.00668436560980362,5.074006214486908,False,3
794,3,5,vowel,1.9271462890182054,0.1936232544076744,2.12076954342588,True,3
795,2,103,deter,4.345544290945185,0.009548680565350782,4.355092971510535,False,5
795,3,27,comfy,3.1903709071786333,0.0,3.1903709071786333,False,5
795,4,3,upper,1.5605780746881748,0.42103258827075896,1.9816106629589338,False,5
795,5,1,purer,1.5605780746881748,0.42103258827075896,1.9816106629589338,True,5
796,2,169,mulch,5.22134960510835,0.005701227898226248,5.227050833006577,False,4
796,3,8,flunk,2.9802658509155293,0.10230611341063474,3.082571964326164,False,4
796,4,1,plunk,2.9802658509155293,0.10230611341063474,3.082571964326164,True,4
797,2,34,until,4.282480676815465,0.0,4.282480676815465,False,4
797,3,2,piano,4.282480676815465,0.0,4.282480676815465,False,4
797,4,1,ninja,4.282480676815465,0.0,4.282480676815465,True,4
798,2,103,count,4.935951598196658,0.0,4.935951598196658,False,4
798,3,4,worth,1.9992683447455497,0.25762364114396225,2.256891985889512,False,4
798,4,1,forty,1.9992683447455497,0.25762364114396225,2.256891985889512,True,4
799,2,12,align,3.0913226071715805,0.0921025601779814,3.183425167349562,True,2
800,2,103,count,4.935951598196658,0.0,4.935951598196658,False,3
800,3,4,worth,1.9992683447455497,0.25762364114396225,2.256891985889512,True,3
801,2,6,paint,1.9494647017541098,0.18261647553951527,2.132081177293625,False,3
801,3,1,faith,1.9494647017541098,0.18261647553951527,2.132081177293625,True,3
802,2,61,could,4.7296830030311545,0.0,4.7296830030311545,False,4
802,3,2,bulge,4.7296830030311545,0.0,4.7296830030311545,False,4
802,4,1,lunge,4.7296830030311545,0.0,4.7296830030311545,True,4
803,2,80,month,4.5824004036087675,0.0,4.5824004036087675,False,3
803,3,3,stunt,0.9533398367778738,0.37352440709077767,1.3268642438686515,True,3
804,2,51,blunt,4.292231515194711,0.0,4.292231515194711,False,4
804,3,3,quick,1.5797325601158678,0.37197282448212765,1.9517053845979955,False,4
804,4,1,juicy,1.5797325601158678,0.37197282448212765,1.9517053845979955,True,4
805,2,70,cleat,4.660072653042596,0.012616273972314785,4.672688927014911,False,4
805,3,2,ahead,4.660072653042596,0.012616273972314785,4.672688927014911,False,4
805,4,1,knead,4.660072653042596,0.012616273972314785,4.672688927014911,True,4
806,2,94,clout,5.01226299802091,0.0,5.01226299802091,False,3
806,3,1,adapt,5.01226299802091,0.0,5.01226299802091,True,3
807,2,122,betel,5.067321848877104,0.00668436560980362,5.074006214486908,False,3
807,3,3,queen,1.5651139555811928,0.3922576971987208,1.9573716527799137,True,3
808,2,122,betel,5.067321848877104,0.00668436560980362,5.074006214486908,False,4
808,3,4,wheel,1.497273529611697,0.2814416105383341,1.7787151401500312,False,4
808,4,2,excel,1.497273529611697,0.2814416105383341,1.7787151401500312,True,4
809,2,10,scree,2.1694571194121814,0.0800401117707753,2.2494972311829566,True,2
810,2,22,shout,4.078196116709489,0.0,4.078196116709489,False,3
810,3,1,sixth,4.078196116709489,0.0,4.078196116709489,True,3
811,2,103,count,4.935951598196658,0.0,4.935951598196658,False,4
811,3,4,worth,1.9992683447455497,0.25762364114396225,2.256891985889512,False,4
811,4,1,forth,1.9992683447455497,0.25762364114396225,2.256891985889512,True,4
812,2,122,betel,5.067321848877104,0.00668436560980362,5.074006214486908,False,5
812,3,4,wheel,1.497273529611697,0.2814416105383341,1.7787151401500312,False,5
812,4,2,excel,1.497273529611697,0.2814416105383341,1.7787151401500312,False,5
812,5,1,expel,1.497273529611697,0.2814416105383341,1.7787151401500312,True,5
813,2,103,count,4.935951598196658,0.0,4.935951598196658,False,4
813,3,15,droop,3.439277035472058,0.055587501149019475,3.4948645366210775,False,4
813,4,1,growl,3.439277035472058,0.055587501149019475,3.4948645366210775,True,4
814,2,92,count,4.245196362820736,0.0,4.245196362820736,False,3
814,3,7,watch,1.1289124651034985,0.1582295383267696,1.287142003430268,True,3
815,2,9,hoist,2.4669818111154274,0.11078108776165334,2.5777628988770807,False,5
815,3,3,moist,0.9632206586874137,0.387580896881121,1.3508015555685347,False,5
815,4,2,joist,0.9632206586874137,0.387580896881121,1.3508015555685347,False,5
815,5,1,foist,0.9632206586874137,0.387580896881121,1.3508015555685347,True,5
816,2,41,bland,3.8456913286080283,0.0,3.8456913286080283,False,3
816,3,1,knave,3.8456913286080283,0.0,3.8456913286080283,True,3
817,2,15,edict,3.0994820351323993,0.06476195069248716,3.1642439858248865,False,3
817,3,1,edify,3.0994820351323993,0.06476195069248716,3.1642439858248865,True,3
818,2,103,count,4.935951598196658,0.0,4.935951598196658,False,4
818,3,7,world,2.5253269840237214,0.18391614529539185,2.709243129319113,False,4
818,4,1,worry,2.5253269840237214,0.18391614529539185,2.709243129319113,True,4
819,2,78,crowd,4.371952890460427,0.0,4.371952890460427,False,4
819,3,2,drawn,4.371952890460427,0.0,4.371952890460427,False,4
819,4,1,drawl,4.371952890460427,0.0,4.371952890460427,True,4
820,2,169,mulch,5.22134960510835,0.005701227898226248,5.227050833006577,False,5
820,3,15,funny,2.7531374814959375,0.07989462726159306,2.8330321087575308,False,5
820,4,2,outdo,2.7531374814959375,0.07989462726159306,2.8330321087575308,False,5
820,5,1,outgo,2.7531374814959375,0.07989462726159306,2.8330321087575308,True,5
821,2,17,stone,2.9831899189352837,0.06667579439689536,3.049865713332179,False,3
821,3,1,ensue,2.9831899189352837,0.06667579439689536,3.049865713332179,True,3
822,2,14,panic,3.0699641623010296,0.07632090981424908,3.146285072115279,False,3
822,3,1,manic,3.0699641623010296,0.07632090981424908,3.146285072115279,True,3
823,2,35,lipid,4.09883827351893,0.0,4.09883827351893,False,3
823,3,1,index,4.09883827351893,0.0,4.09883827351893,True,3
824,2,23,thong,3.966481601291152,0.0,3.966481601291152,False,3
824,3,3,lyric,1.5785289746495732,0.37152864079953785,1.950057615449111,True,3
825,2,51,blunt,4.292231515194711,0.0,4.292231515194711,False,3
825,3,3,click,1.5784607542984108,0.37731286938306763,1.9557736236814784,True,3
826,2,94,clout,5.01226299802091,0.0,5.01226299802091,False,3
826,3,3,today,1.5796380258826164,0.37345675001214473,1.953094775894761,True,3
827,2,70,cleat,4.660072653042596,0.012616273972314785,4.672688927014911,False,4
827,3,6,pedal,2.5814734837479585,0.15743331107744296,2.7389067948254016,False,4
827,4,1,delay,2.5814734837479585,0.15743331107744296,2.7389067948254016,True,4
828,2,7,cress,2.1959683131485277,0.11994139882877375,2.3159097119773016,False,4
828,3,2,fresh,2.1959683131485277,0.11994139882877375,2.3159097119773016,False,4
828,4,1,wrest,2.1959683131485277,0.11994139882877375,2.3159097119773016,True,4
829,2,103,deter,4.345544290945185,0.009548680565350782,4.355092971510535,False,4
829,3,4,truer,1.9784625045758588,0.2087746637431409,2.1872371683189997,False,4
829,4,1,tuber,1.9784625045758588,0.2087746637431409,2.1872371683189997,True,4
830,2,17,floss,3.602896277680835,0.06013667528007432,3.6630329529609096,False,3
830,3,1,lousy,3.602896277680835,0.06013667528007432,3.6630329529609096,True,3
831,2,15,spine,2.1084426460654164,0.06920605598908156,2.177648702054498,False,4
831,3,7,smile,2.20391242910844,0.1527798492827298,2.35669227839117,False,4
831,4,2,suite,2.20391242910844,0.1527798492827298,2.35669227839117,True,4
832,2,169,mulch,5.22134960510835,0.005701227898226248,5.227050833006577,False,3
832,3,6,whoop,2.575353676966465,0.14313775185389546,2.7184914288203603,True,3
833,2,26,cloth,3.451017859683121,0.0,3.451017859683121,False,3
833,3,2,party,3.451017859683121,0.0,3.451017859683121,True,3
834,2,78,crowd,4.371952890460427,0.0,4.371952890460427,False,3
834,3,1,croak,4.371952890460427,0.0,4.371952890460427,True,3
835,2,169,mulch,5.22134960510835,0.005701227898226248,5.227050833006577,False,3
835,3,1,comfy,5.22134960510835,0.005701227898226248,5.227050833006577,True,3
836,2,23,thong,3.966481601291152,0.0,3.966481601291152,False,3
836,3,2,ivory,3.966481601291152,0.0,3.966481601291152,True,3
837,2,169,mulch,5.22134960510835,0.005701227898226248,5.227050833006577,False,4
837,3,2,thumb,5.22134960510835,0.005701227898226248,5.227050833006577,False,4
837,4,1,thump,5.22134960510835,0.005701227898226248,5.227050833006577,True,4
838,2,41,spelt,4.4167166368094275,0.021718152088787676,4.438434788898215,False,3
838,3,1,slept,4.4167166368094275,0.021718152088787676,4.438434788898215,True,3
839,2,169,mulch,5.22134960510835,0.005701227898226248,5.227050833006577,False,3
839,3,2,mogul,5.22134960510835,0.005701227898226248,5.227050833006577,True,3
840,2,103,count,4.935951598196658,0.0,4.935951598196658,False,4
840,3,6,throb,2.5784859575162318,0.14546686571086645,2.723952823227098,False,4
840,4,1,broth,2.5784859575162318,0.14546686571086645,2.723952823227098,True,4
841,2,61,could,4.7296830030311545,0.0,4.7296830030311545,False,4
841,3,4,venue,1.9951110151886513,0.2714150441982207,2.266526059386872,False,4
841,4,1,butte,1.9951110151886513,0.2714150441982207,2.266526059386872,True,4
842,2,70,cleat,4.660072653042596,0.012616273972314785,4.672688927014911,False,4
842,3,3,death,1.5749528240992738,0.37822247536303866,1.9531752994623126,False,4
842,4,1,meaty,1.5749528240992738,0.37822247536303866,1.9531752994623126,True,4
843,2,92,count,4.245196362820736,0.0,4.245196362820736,False,3
843,3,2,natal,4.245196362820736,0.0,4.245196362820736,True,3
844,2,2,shire,4.245196362820736,0.0,4.245196362820736,False,3
844,3,1,spire,4.245196362820736,0.0,4.245196362820736,True,3
845,2,41,bland,3.8456913286080283,0.0,3.8456913286080283,False,3
845,3,1,anode,3.8456913286080283,0.0,3.8456913286080283,True,3
846,2,108,pilot,4.697164821128426,0.010625798935333771,4.70779062006376,True,2
847,2,169,mulch,5.22134960510835,0.005701227898226248,5.227050833006577,False,4
847,3,14,blown,3.4684877429308827,0.07622000297265263,3.544707745903535,False,4
847,4,1,wooly,3.4684877429308827,0.07622000297265263,3.544707745903535,True,4
848,2,18,trail,3.2288491345661354,0.06129123306107335,3.2901403676272087,False,4
848,3,4,braid,1.996653047846937,0.22340860627925607,2.220061654126193,False,4
848,4,1,brain,1.996653047846937,0.22340860627925607,2.220061654126193,True,4
849,2,70,cleat,4.660072653042596,0.012616273972314785,4.672688927014911,False,4
849,3,4,leapt,1.9905707630874887,0.248887921508532,2.2394586845960207,False,4
849,4,1,leant,1.9905707630874887,0.248887921508532,2.2394586845960207,True,4
850,2,27,fiend,3.478688988342879,0.0,3.478688988342879,False,3
850,3,1,kefir,3.478688988342879,0.0,3.478688988342879,True,3
851,2,41,bland,3.8456913286080283,0.0,3.8456913286080283,False,3
851,3,1,abate,3.8456913286080283,0.0,3.8456913286080283,True,3
852,2,103,count,4.935951598196658,0.0,4.935951598196658,False,3
852,3,3,wrong,1.5654783550619336,0.4020916339380659,1.9675699889999994,True,3
853,2,34,until,4.282480676815465,0.0,4.282480676815465,False,3
853,3,1,quail,4.282480676815465,0.0,4.282480676815465,True,3
854,2,94,clout,5.01226299802091,0.0,5.01226299802091,False,4
854,3,7,nomad,2.7969236400234605,0.14506250848910135,2.941986148512562,False,4
854,4,1,vodka,2.7969236400234605,0.14506250848910135,2.941986148512562,True,4
855,2,51,blunt,4.292231515194711,0.0,4.292231515194711,False,3
855,3,2,quilt,4.292231515194711,0.0,4.292231515194711,True,3
856,2,22,shalt,3.453410506083153,0.0,3.453410506083153,False,3
856,3,2,flash,3.453410506083153,0.0,3.453410506083153,True,3
857,2,22,shalt,3.453410506083153,0.0,3.453410506083153,False,4
857,3,4,class,1.9916700968761076,0.2814419149685624,2.27311201184467,False,4
857,4,1,flask,1.9916700968761076,0.2814419149685624,2.27311201184467,True,4
858,2,26,track,3.128720724997513,0.0,3.128720724997513,False,4
858,3,3,adore,1.5786840552757528,0.31242385288332225,1.8911079081590751,False,4
858,4,1,agree,1.5786840552757528,0.31242385288332225,1.8911079081590751,True,4
859,2,20,notch,3.479534827255631,0.0,3.479534827255631,False,3
859,3,1,eaten,3.479534827255631,0.0,3.479534827255631,True,3
860,2,103,deter,4.345544290945185,0.009548680565350782,4.355092971510535,False,3
860,3,1,error,4.345544290945185,0.009548680565350782,4.355092971510535,True,3
861,2,61,could,4.7296830030311545,0.0,4.7296830030311545,False,3
861,3,2,hedge,4.7296830030311545,0.0,4.7296830030311545,True,3
862,2,103,count,4.935951598196658,0.0,4.935951598196658,False,4
862,3,4,crook,1.9974328260195597,0.23771099755460576,2.2351438235741656,False,4
862,4,1,chord,1.9974328260195597,0.23771099755460576,2.2351438235741656,True,4
863,2,17,tripe,2.150723725386372,0.04783081337738305,2.198554538763755,True,2
864,2,22,shout,4.078196116709489,0.0,4.078196116709489,False,3
864,3,1,split,4.078196116709489,0.0,4.078196116709489,True,3
865,2,103,count,4.935951598196658,0.0,4.935951598196658,False,3
865,3,1,blurt,4.935951598196658,0.0,4.935951598196658,True,3
866,2,12,fried,2.7216335454724954,0.08736869254986797,2.809002238022363,True,2
867,2,169,mulch,5.22134960510835,0.005701227898226248,5.227050833006577,False,4
867,3,7,gummy,2.54464111049621,0.13775614921636087,2.682397259712571,False,4
867,4,1,jumbo,2.54464111049621,0.13775614921636087,2.682397259712571,True,4
868,2,108,pilot,4.697164821128426,0.010625798935333771,4.70779062006376,False,4
868,3,4,comic,1.9868633837622152,0.29807828291062666,2.2849416666728417,False,4
868,4,1,conic,1.9868633837622152,0.29807828291062666,2.2849416666728417,True,4
869,2,108,pilot,4.697164821128426,0.010625798935333771,4.70779062006376,False,4
869,3,6,cubic,2.5798477020375703,0.18779244438908696,2.767640146426657,False,4
869,4,1,fungi,2.5798477020375703,0.18779244438908696,2.767640146426657,True,4
870,2,20,tonal,3.770466915690223,0.0,3.770466915690223,False,4
870,3,3,savvy,0.950443202239299,0.36970225557481656,1.3201454578141156,False,4
870,4,2,saucy,0.950443202239299,0.36970225557481656,1.3201454578141156,True,4
871,2,122,betel,5.067321848877104,0.00668436560980362,5.074006214486908,False,4
871,3,3,often,1.5780357033676324,0.37875714715418407,1.9567928505218166,False,4
871,4,1,totem,1.5780357033676324,0.37875714715418407,1.9567928505218166,True,4
872,2,26,lingo,3.72052858222838,0.0,3.72052858222838,False,3
872,3,1,lithe,3.72052858222838,0.0,3.72052858222838,True,3
873,2,18,trail,3.2288491345661354,0.06129123306107335,3.2901403676272087,False,3
873,3,1,chair,3.2288491345661354,0.06129123306107335,3.2901403676272087,True,3
874,2,122,betel,5.067321848877104,0.00668436560980362,5.074006214486908,False,3
874,3,4,dwelt,1.998275261587866,0.25494850762866994,2.253223769216536,True,3
875,2,28,empty,3.3209790185055406,0.0,3.3209790185055406,False,6
875,3,5,water,1.3800636389998127,0.23364320901127233,1.613706848011085,False,6
875,4,3,later,0.9613000197516731,0.38470894653190635,1.3460089662835795,False,6
875,5,2,cater,0.9613000197516731,0.38470894653190635,1.3460089662835795,False,6
875,6,1,hater,0.9613000197516731,0.38470894653190635,1.3460089662835795,True,6
876,2,8,salsa,2.7454893705209997,0.14040563427314665,2.8858950047941465,False,3
876,3,1,lasso,2.7454893705209997,0.14040563427314665,2.8858950047941465,True,3
877,2,12,steak,3.009167190314376,0.08468619604188704,3.093853386356263,False,4
877,3,2,speak,3.009167190314376,0.08468619604188704,3.093853386356263,False,4
877,4,1,sneak,3.009167190314376,0.08468619604188704,3.093853386356263,True,4
878,2,169,mulch,5.22134960510835,0.005701227898226248,5.227050833006577,False,4
878,3,2,bloom,5.22134960510835,0.005701227898226248,5.227050833006577,False,4
878,4,1,gloom,5.22134960510835,0.005701227898226248,5.227050833006577,True,4
879,2,80,month,4.5824004036087675,0.0,4.5824004036087675,False,3
879,3,3,study,0.9319181328760706,0.3476129517956793,1.27953108467175,True,3
880,2,26,cloth,3.451017859683121,0.0,3.451017859683121,False,5
880,3,6,major,1.9242746152708134,0.1835649002357578,2.1078395155065714,False,5
880,4,2,mayor,1.9242746152708134,0.1835649002357578,2.1078395155065714,False,5
880,5,1,manor,1.9242746152708134,0.1835649002357578,2.1078395155065714,True,5
881,2,78,crowd,4.371952890460427,0.0,4.371952890460427,False,5
881,3,9,grant,2.7306518852301256,0.12168817025554832,2.8523400554856737,False,5
881,4,2,frank,2.7306518852301256,0.12168817025554832,2.8523400554856737,False,5
881,5,1,prank,2.7306518852301256,0.12168817025554832,2.8523400554856737,True,5
882,2,18,trail,3.2288491345661354,0.06129123306107335,3.2901403676272087,False,3
882,3,1,acrid,3.2288491345661354,0.06129123306107335,3.2901403676272087,True,3
883,2,41,bland,3.8456913286080283,0.0,3.8456913286080283,False,3
883,3,10,weave,2.184997739097101,0.10492260933937213,2.289920348436473,True,3
884,2,26,lingo,3.72052858222838,0.0,3.72052858222838,False,3
884,3,1,liege,3.72052858222838,0.0,3.72052858222838,True,3
885,2,108,pilot,4.697164821128426,0.010625798935333771,4.70779062006376,False,3
885,3,3,fluid,1.5729332652824326,0.3851561385783457,1.9580894038607783,True,3
886,2,122,betel,5.067321848877104,0.00668436560980362,5.074006214486908,False,6
886,3,14,women,3.1937011017055585,0.0907346308243095,3.284435732529868,False,6
886,4,3,covey,0.9368068377240638,0.3531007433000707,1.2899075810241345,False,6
886,5,2,gooey,0.9368068377240638,0.3531007433000707,1.2899075810241345,False,6
886,6,1,dopey,0.9368068377240638,0.3531007433000707,1.2899075810241345,True,6
887,2,108,pilot,4.697164821128426,0.010625798935333771,4.70779062006376,False,5
887,3,16,windy,3.2157677330063636,0.06770809730809803,3.2834758303144618,False,5
887,4,3,finch,1.5809222450416969,0.36554458188142896,1.9464668269231258,False,5
887,5,1,cinch,1.5809222450416969,0.36554458188142896,1.9464668269231258,True,5
888,2,44,plant,4.239582143153527,0.0,4.239582143153527,False,5
888,3,5,small,1.9720931450048735,0.24208806428129642,2.21418120928617,False,5
888,4,2,scaly,1.9720931450048735,0.24208806428129642,2.21418120928617,False,5
888,5,1,scald,1.9720931450048735,0.24208806428129642,2.21418120928617,True,5
889,2,10,ruddy,2.917992089188093,0.0862602405953228,3.004252329783416,False,3
889,3,1,rugby,2.917992089188093,0.0862602405953228,3.004252329783416,True,3
890,2,21,splat,3.4382184230394266,0.0,3.4382184230394266,False,3
890,3,1,scrap,3.4382184230394266,0.0,3.4382184230394266,True,3
891,2,40,prong,3.9956346776871614,0.0,3.9956346776871614,False,3
891,3,2,prove,3.9956346776871614,0.0,3.9956346776871614,True,3
892,2,13,crust,3.411112677482356,0.07466477032407974,3.485777447806436,False,3
892,3,1,cross,3.411112677482356,0.07466477032407974,3.485777447806436,True,3
893,2,23,cloth,3.905401798674347,0.0,3.905401798674347,False,4
893,3,2,quite,3.905401798674347,0.0,3.905401798674347,False,4
893,4,1,unite,3.905401798674347,0.0,3.905401798674347,True,4
894,2,41,bland,3.8456913286080283,0.0,3.8456913286080283,False,3
894,3,2,leave,3.8456913286080283,0.0,3.8456913286080283,True,3
895,2,78,crowd,4.371952890460427,0.0,4.371952890460427,False,3
895,3,2,drawn,4.371952890460427,0.0,4.371952890460427,True,3
896,2,28,gulch,4.010426759450907,0.0,4.010426759450907,False,4
896,3,5,table,1.9293535684164205,0.237505364250427,2.1668589326668473,False,4
896,4,1,latte,1.9293535684164205,0.237505364250427,2.1668589326668473,True,4
897,2,94,clout,5.01226299802091,0.0,5.01226299802091,False,3
897,3,1,aptly,5.01226299802091,0.0,5.01226299802091,True,3
898,2,23,cloth,3.905401798674347,0.0,3.905401798674347,False,3
898,3,1,olive,3.905401798674347,0.0,3.905401798674347,True,3
899,2,1,first,3.905401798674347,0.0,3.905401798674347,True,2
900,2,92,count,4.245196362820736,0.0,4.245196362820736,False,5
900,3,9,manly,2.923144884673644,0.111978158869697,3.035123043543341,False,5
900,4,2,handy,2.923144884673644,0.111978158869697,3.035123043543341,False,5
900,5,1,dandy,2.923144884673644,0.111978158869697,3.035123043543341,True,5
901,2,94,clout,5.01226299802091,0.0,5.01226299802091,False,5
901,3,4,float,1.5347846059895285,0.2960709635072509,1.8308555694967794,False,5
901,4,2,bloat,1.5347846059895285,0.2960709635072509,1.8308555694967794,False,5
901,5,1,gloat,1.5347846059895285,0.2960709635072509,1.8308555694967794,True,5
902,2,108,pilot,4.697164821128426,0.010625798935333771,4.70779062006376,False,3
902,3,1,bigot,4.697164821128426,0.010625798935333771,4.70779062006376,True,3
903,2,169,mulch,5.22134960510835,0.005701227898226248,5.227050833006577,False,3
903,3,1,chump,5.22134960510835,0.005701227898226248,5.227050833006577,True,3
904,2,22,shalt,3.453410506083153,0.0,3.453410506083153,False,3
904,3,3,awash,0.9353768609228688,0.35147318884239154,1.2868500497652602,True,3
905,2,103,deter,4.345544290945185,0.009548680565350782,4.355092971510535,False,4
905,3,4,creep,1.979496988271265,0.24117026465583427,2.2206672529270994,False,4
905,4,1,green,1.979496988271265,0.24117026465583427,2.2206672529270994,True,4
906,2,169,mulch,5.22134960510835,0.005701227898226248,5.227050833006577,False,4
906,3,14,blown,3.4684877429308827,0.07622000297265263,3.544707745903535,False,4
906,4,1,blood,3.4684877429308827,0.07622000297265263,3.544707745903535,True,4
907,2,28,gulch,4.010426759450907,0.0,4.010426759450907,False,3
907,3,1,valve,4.010426759450907,0.0,4.010426759450907,True,3
908,2,108,pilot,4.697164821128426,0.010625798935333771,4.70779062006376,False,4
908,3,16,windy,3.2157677330063636,0.06770809730809803,3.2834758303144618,False,4
908,4,1,vivid,3.2157677330063636,0.06770809730809803,3.2834758303144618,True,4
909,2,169,mulch,5.22134960510835,0.005701227898226248,5.227050833006577,False,4
909,3,6,bully,1.7570902463290055,0.1774126240221276,1.934502870351133,False,4
909,4,3,fully,0.9751271375029822,0.4074223421109881,1.3825494796139703,True,4
910,2,13,crust,3.411112677482356,0.07466477032407974,3.485777447806436,False,3
910,3,1,cross,3.411112677482356,0.07466477032407974,3.485777447806436,True,3
911,2,61,could,4.7296830030311545,0.0,4.7296830030311545,False,3
911,3,1,noble,4.7296830030311545,0.0,4.7296830030311545,True,3
912,2,103,count,4.935951598196658,0.0,4.935951598196658,False,4
912,3,2,grunt,4.935951598196658,0.0,4.935951598196658,False,4
912,4,1,brunt,4.935951598196658,0.0,4.935951598196658,True,4
913,2,169,mulch,5.22134960510835,0.005701227898226248,5.227050833006577,False,5
913,3,16,goody,3.276242855634696,0.0620977697643773,3.338340625399073,False,5
913,4,2,bobby,3.276242855634696,0.0620977697643773,3.338340625399073,False,5
913,5,1,poppy,3.276242855634696,0.0620977697643773,3.338340625399073,True,5
914,2,28,gulch,4.010426759450907,0.0,4.010426759450907,False,3
914,3,2,taupe,4.010426759450907,0.0,4.010426759450907,True,3
915,2,80,month,4.5824004036087675,0.0,4.5824004036087675,False,4
915,3,4,spoon,1.996056565219929,0.26667022089640224,2.262726786116331,False,4
915,4,1,swoon,1.996056565219929,0.26667022089640224,2.262726786116331,True,4
916,2,10,ruddy,2.917992089188093,0.0862602405953228,3.004252329783416,False,3
916,3,1,round,2.917992089188093,0.0862602405953228,3.004252329783416,True,3
917,2,20,cloth,3.0089202751472297,0.0,3.0089202751472297,False,3
917,3,1,shale,3.0089202751472297,0.0,3.0089202751472297,True,3
918,2,34,bleat,3.8729354751388456,0.0,3.8729354751388456,False,3
918,3,1,alter,3.8729354751388456,0.0,3.8729354751388456,True,3
919,2,70,cleat,4.660072653042596,0.012616273972314785,4.672688927014911,False,4
919,3,2,exact,4.660072653042596,0.012616273972314785,4.672688927014911,False,4
919,4,1,enact,4.660072653042596,0.012616273972314785,4.672688927014911,True,4
920,2,103,deter,4.345544290945185,0.009548680565350782,4.355092971510535,False,4
920,3,3,query,1.5829875782225105,0.3520919888736335,1.935079567096144,False,4
920,4,1,wreck,1.5829875782225105,0.3520919888736335,1.935079567096144,True,4
921,2,35,lipid,4.09883827351893,0.0,4.09883827351893,False,4
921,3,3,piety,1.5835421957333153,0.3487247281270968,1.9322669238604122,False,4
921,4,1,piney,1.5835421957333153,0.3487247281270968,1.9322669238604122,True,4
922,2,108,pilot,4.697164821128426,0.010625798935333771,4.70779062006376,False,3
922,3,1,unzip,4.697164821128426,0.010625798935333771,4.70779062006376,True,3
923,2,15,spine,2.1084426460654164,0.06920605598908156,2.177648702054498,False,4
923,3,7,smile,2.20391242910844,0.1527798492827298,2.35669227839117,False,4
923,4,1,smite,2.20391242910844,0.1527798492827298,2.35669227839117,True,4
924,2,12,steak,3.009167190314376,0.08468619604188704,3.093853386356263,False,3
924,3,1,sweat,3.009167190314376,0.08468619604188704,3.093853386356263,True,3
925,2,17,floss,3.602896277680835,0.06013667528007432,3.6630329529609096,False,3
925,3,1,fussy,3.602896277680835,0.06013667528007432,3.6630329529609096,True,3
926,2,1,afire,3.602896277680835,0.06013667528007432,3.6630329529609096,True,2
927,2,103,count,4.935951598196658,0.0,4.935951598196658,False,3
927,3,1,thrum,4.935951598196658,0.0,4.935951598196658,True,3
928,2,22,shout,4.078196116709489,0.0,4.078196116709489,False,4
928,3,2,minus,4.078196116709489,0.0,4.078196116709489,False,4
928,4,1,ficus,4.078196116709489,0.0,4.078196116709489,True,4
929,2,23,thong,3.966481601291152,0.0,3.966481601291152,False,3
929,3,1,irony,3.966481601291152,0.0,3.966481601291152,True,3
930,2,27,fiend,3.478688988342879,0.0,3.478688988342879,False,3
930,3,6,giver,2.245495036798813,0.14873848728090702,2.39423352407972,True,3
931,2,169,mulch,5.22134960510835,0.005701227898226248,5.227050833006577,False,3
931,3,8,found,2.3758692487173483,0.1431791145129551,2.5190483632303033,True,3
932,2,28,gulch,4.010426759450907,0.0,4.010426759450907,False,4
932,3,2,taupe,4.010426759450907,0.0,4.010426759450907,False,4
932,4,1,mauve,4.010426759450907,0.0,4.010426759450907,True,4
933,2,5,crisp,1.4032754916930483,0.2129811501567122,1.6162566418497606,False,4
933,3,3,brisk,1.5768550544034163,0.33181312931058526,1.9086681837140016,False,4
933,4,1,wrist,1.5768550544034163,0.33181312931058526,1.9086681837140016,True,4
934,2,61,could,4.7296830030311545,0.0,4.7296830030311545,False,3
934,3,1,ounce,4.7296830030311545,0.0,4.7296830030311545,True,3
935,2,108,pilot,4.697164821128426,0.010625798935333771,4.70779062006376,False,3
935,3,3,fluid,1.5729332652824326,0.3851561385783457,1.9580894038607783,True,3
936,2,40,prong,3.9956346776871614,0.0,3.9956346776871614,False,3
936,3,1,prune,3.9956346776871614,0.0,3.9956346776871614,True,3
937,2,12,align,3.0913226071715805,0.0921025601779814,3.183425167349562,False,4
937,3,2,aging,3.0913226071715805,0.0921025601779814,3.183425167349562,False,4
937,4,1,aping,3.0913226071715805,0.0921025601779814,3.183425167349562,True,4
938,2,70,cleat,4.660072653042596,0.012616273972314785,4.672688927014911,False,4
938,3,6,pedal,2.5814734837479585,0.15743331107744296,2.7389067948254016,False,4
938,4,1,penal,2.5814734837479585,0.15743331107744296,2.7389067948254016,True,4
939,2,70,cleat,4.660072653042596,0.012616273972314785,4.672688927014911,False,5
939,3,4,gleam,1.4725562131210053,0.24146996854174166,1.714026181662747,False,5
939,4,2,plead,1.4725562131210053,0.24146996854174166,1.714026181662747,False,5
939,5,1,bleak,1.4725562131210053,0.24146996854174166,1.714026181662747,True,5
940,2,103,count,4.935951598196658,0.0,4.935951598196658,False,3
940,3,1,trunk,4.935951598196658,0.0,4.935951598196658,True,3
941,2,23,cloth,3.905401798674347,0.0,3.905401798674347,False,4
941,3,2,chime,3.905401798674347,0.0,3.905401798674347,False,4
941,4,1,chide,3.905401798674347,0.0,3.905401798674347,True,4
942,2,103,deter,4.345544290945185,0.009548680565350782,4.355092971510535,False,6
942,3,4,breed,0.8287497123323315,0.26133198549024894,1.0900816978225805,False,6
942,4,3,creed,0.9233226890676443,0.3384447837374818,1.261767472805126,False,6
942,5,2,freed,0.9233226890676443,0.3384447837374818,1.261767472805126,False,6
942,6,1,greed,0.9233226890676443,0.3384447837374818,1.261767472805126,True,6
943,2,92,count,4.245196362820736,0.0,4.245196362820736,False,3
943,3,2,natal,4.245196362820736,0.0,4.245196362820736,True,3
944,2,20,cloth,3.0089202751472297,0.0,3.0089202751472297,False,3
944,3,1,slave,3.0089202751472297,0.0,3.0089202751472297,True,3
945,2,21,splat,3.4382184230394266,0.0,3.4382184230394266,False,3
945,3,1,snarl,3.4382184230394266,0.0,3.4382184230394266,True,3
946,2,92,count,4.245196362820736,0.0,4.245196362820736,False,4
946,3,3,wagon,1.5844834317559013,0.3454432214136713,1.9299266531695727,False,4
946,4,1,mango,1.5844834317559013,0.3454432214136713,1.9299266531695727,True,4
947,2,80,month,4.5824004036087675,0.0,4.5824004036087675,False,4
947,3,3,focus,1.5745287898059819,0.3829086737065196,1.9574374635125014,False,4
947,4,1,soggy,1.5745287898059819,0.3829086737065196,1.9574374635125014,True,4
948,2,122,betel,5.067321848877104,0.00668436560980362,5.074006214486908,False,3
948,3,1,beget,5.067321848877104,0.00668436560980362,5.074006214486908,True,3
949,2,78,crowd,4.371952890460427,0.0,4.371952890460427,False,5
949,3,3,draft,0.9360465407357468,0.3522330249047676,1.2882795656405144,False,5
949,4,2,drama,0.9360465407357468,0.3522330249047676,1.2882795656405144,False,5
949,5,1,drank,0.9360465407357468,0.3522330249047676,1.2882795656405144,True,5
950,2,122,betel,5.067321848877104,0.00668436560980362,5.074006214486908,False,3
950,3,6,enjoy,2.5737390173432155,0.1883710231343427,2.762110040477558,True,3
951,2,80,month,4.5824004036087675,0.0,4.5824004036087675,False,3
951,3,2,south,4.5824004036087675,0.0,4.5824004036087675,True,3
952,2,9,hoist,2.4669818111154274,0.11078108776165334,2.5777628988770807,False,3
952,3,3,moist,0.9632206586874137,0.387580896881121,1.3508015555685347,True,3
953,2,12,steak,3.009167190314376,0.08468619604188704,3.093853386356263,False,3
953,3,2,speak,3.009167190314376,0.08468619604188704,3.093853386356263,True,3
954,2,2,image,3.009167190314376,0.08468619604188704,3.093853386356263,False,3
954,3,1,inane,3.009167190314376,0.08468619604188704,3.093853386356263,True,3
955,2,169,mulch,5.22134960510835,0.005701227898226248,5.227050833006577,False,6
955,3,6,bully,1.7570902463290055,0.1774126240221276,1.934502870351133,False,6
955,4,3,fully,0.9751271375029822,0.4074223421109881,1.3825494796139703,False,6
955,5,2,gully,0.9751271375029822,0.4074223421109881,1.3825494796139703,False,6
955,6,1,dully,0.9751271375029822,0.4074223421109881,1.3825494796139703,True,6
956,2,103,count,4.935951598196658,0.0,4.935951598196658,False,3
956,3,4,hurry,1.5307167486406978,0.2721785274306852,1.802895276071383,True,3
957,2,94,clout,5.01226299802091,0.0,5.01226299802091,False,3
957,3,1,mocha,5.01226299802091,0.0,5.01226299802091,True,3
958,2,103,deter,4.345544290945185,0.009548680565350782,4.355092971510535,False,4
958,3,27,comfy,3.1903709071786333,0.0,3.1903709071786333,False,4
958,4,1,offer,3.1903709071786333,0.0,3.1903709071786333,True,4
959,2,70,cleat,4.660072653042596,0.012616273972314785,4.672688927014911,False,3
959,3,1,ocean,4.660072653042596,0.012616273972314785,4.672688927014911,True,3
960,2,4,raven,1.5013945336460284,0.27324090864015405,1.7746354422861823,True,2
961,2,103,deter,4.345544290945185,0.009548680565350782,4.355092971510535,False,6
961,3,4,breed,0.8287497123323315,0.26133198549024894,1.0900816978225805,False,6
961,4,3,creed,0.9233226890676443,0.3384447837374818,1.261767472805126,False,6
961,5,2,freed,0.9233226890676443,0.3384447837374818,1.261767472805126,False,6
961,6,1,greed,0.9233226890676443,0.3384447837374818,1.261767472805126,True,6
962,2,70,cleat,4.660072653042596,0.012616273972314785,4.672688927014911,False,4
962,3,4,gleam,1.4725562131210053,0.24146996854174166,1.714026181662747,False,4
962,4,2,plead,1.4725562131210053,0.24146996854174166,1.714026181662747,True,4
963,2,9,hoist,2.4669818111154274,0.11078108776165334,2.5777628988770807,False,3
963,3,1,twist,2.4669818111154274,0.11078108776165334,2.5777628988770807,True,3
964,2,169,mulch,5.22134960510835,0.005701227898226248,5.227050833006577,False,3
964,3,2,mogul,5.22134960510835,0.005701227898226248,5.227050833006577,True,3
965,2,103,deter,4.345544290945185,0.009548680565350782,4.355092971510535,False,4
965,3,2,greet,4.345544290945185,0.009548680565350782,4.355092971510535,False,4
965,4,1,egret,4.345544290945185,0.009548680565350782,4.355092971510535,True,4
966,2,20,could,3.38460977638414,0.0,3.38460977638414,False,3
966,3,1,ruler,3.38460977638414,0.0,3.38460977638414,True,3
967,2,51,blunt,4.292231515194711,0.0,4.292231515194711,False,4
967,3,4,which,1.983014385366752,0.30752738643790795,2.29054177180466,False,4
967,4,1,chick,1.983014385366752,0.30752738643790795,2.29054177180466,True,4
968,2,78,crowd,4.371952890460427,0.0,4.371952890460427,False,4
968,3,4,arbor,1.9996134686086395,0.24961027665111865,2.249223745259758,False,4
968,4,1,organ,1.9996134686086395,0.24961027665111865,2.249223745259758,True,4
969,2,8,cease,2.259037313281008,0.12734282871162358,2.3863801419926314,False,4
969,3,2,lease,2.259037313281008,0.12734282871162358,2.3863801419926314,False,4
969,4,1,tease,2.259037313281008,0.12734282871162358,2.3863801419926314,True,4
970,2,20,notch,3.479534827255631,0.0,3.479534827255631,False,4
970,3,4,label,1.992047156935808,0.29433297272088876,2.286380129656697,False,4
970,4,1,lapel,1.992047156935808,0.29433297272088876,2.286380129656697,True,4
971,2,29,knelt,3.8776077647628067,0.0,3.8776077647628067,False,4
971,3,2,spilt,3.8776077647628067,0.0,3.8776077647628067,False,4
971,4,1,stilt,3.8776077647628067,0.0,3.8776077647628067,True,4
972,2,23,thong,3.966481601291152,0.0,3.966481601291152,False,4
972,3,2,fruit,3.966481601291152,0.0,3.966481601291152,False,4
972,4,1,dirty,3.966481601291152,0.0,3.966481601291152,True,4
973,2,41,spelt,4.4167166368094275,0.021718152088787676,4.438434788898215,False,3
973,3,1,sleet,4.4167166368094275,0.021718152088787676,4.438434788898215,True,3
974,2,28,empty,3.3209790185055406,0.0,3.3209790185055406,False,4
974,3,3,maker,1.5791600077820185,0.3675331511442414,1.94669315892626,False,4
974,4,1,gamer,1.5791600077820185,0.3675331511442414,1.94669315892626,True,4
975,2,29,knelt,3.8776077647628067,0.0,3.8776077647628067,False,3
975,3,2,shift,3.8776077647628067,0.0,3.8776077647628067,True,3
976,2,108,pilot,4.697164821128426,0.010625798935333771,4.70779062006376,False,4
976,3,14,width,3.0823075615377693,0.08225851525834274,3.164566076796112,False,4
976,4,1,timid,3.0823075615377693,0.08225851525834274,3.164566076796112,True,4
977,2,80,month,4.5824004036087675,0.0,4.5824004036087675,False,3
977,3,2,south,4.5824004036087675,0.0,4.5824004036087675,True,3
978,2,15,edict,3.0994820351323993,0.06476195069248716,3.1642439858248865,False,4
978,3,2,eying,3.0994820351323993,0.06476195069248716,3.1642439858248865,False,4
978,4,1,eking,3.0994820351323993,0.06476195069248716,3.1642439858248865,True,4
979,2,44,plant,4.239582143153527,0.0,4.239582143153527,False,3
979,3,1,shalt,4.239582143153527,0.0,4.239582143153527,True,3
980,2,122,betel,5.067321848877104,0.00668436560980362,5.074006214486908,False,3
980,3,1,ebony,5.067321848877104,0.00668436560980362,5.074006214486908,True,3
981,2,51,blunt,4.292231515194711,0.0,4.292231515194711,False,5
981,3,4,child,1.442182880366045,0.30308159977407434,1.7452644801401194,False,5
981,4,2,chili,1.442182880366045,0.30308159977407434,1.7452644801401194,False,5
981,5,1,chill,1.442182880366045,0.30308159977407434,1.7452644801401194,True,5
982,2,20,tonal,3.770466915690223,0.0,3.770466915690223,False,3
982,3,1,salon,3.770466915690223,0.0,3.770466915690223,True,3
983,2,10,scree,2.1694571194121814,0.0800401117707753,2.2494972311829566,False,3
983,3,1,serve,2.1694571194121814,0.0800401117707753,2.2494972311829566,True,3
984,2,28,gulch,4.010426759450907,0.0,4.010426759450907,False,3
984,3,1,dance,4.010426759450907,0.0,4.010426759450907,True,3
985,2,34,until,4.282480676815465,0.0,4.282480676815465,False,3
985,3,1,audit,4.282480676815465,0.0,4.282480676815465,True,3
986,2,34,bleat,3.8729354751388456,0.0,3.8729354751388456,False,4
986,3,2,learn,3.8729354751388456,0.0,3.8729354751388456,False,4
986,4,1,pearl,3.8729354751388456,0.0,3.8729354751388456,True,4
987,2,103,count,4.935951598196658,0.0,4.935951598196658,False,3
987,3,4,crook,1.9974328260195597,0.23771099755460576,2.2351438235741656,True,3
988,2,1,arise,1.9974328260195597,0.23771099755460576,2.2351438235741656,True,2
989,2,94,clout,5.01226299802091,0.0,5.01226299802091,False,3
989,3,1,adapt,5.01226299802091,0.0,5.01226299802091,True,3
990,2,26,track,3.128720724997513,0.0,3.128720724997513,False,3
990,3,1,argue,3.128720724997513,0.0,3.128720724997513,True,3
991,2,103,deter,4.345544290945185,0.009548680565350782,4.355092971510535,False,4
991,3,4,outer,1.9987123629602048,0.2652500637265167,2.2639624266867218,False,4
991,4,1,voter,1.9987123629602048,0.2652500637265167,2.2639624266867218,True,4
992,2,8,salsa,2.7454893705209997,0.14040563427314665,2.8858950047941465,False,4
992,3,2,patsy,2.7454893705209997,0.14040563427314665,2.8858950047941465,False,4
992,4,1,pansy,2.7454893705209997,0.14040563427314665,2.8858950047941465,True,4
993,2,80,month,4.5824004036087675,0.0,4.5824004036087675,False,4
993,3,2,smoky,4.5824004036087675,0.0,4.5824004036087675,False,4
993,4,1,smock,4.5824004036087675,0.0,4.5824004036087675,True,4
994,2,12,fried,2.7216335454724954,0.08736869254986797,2.809002238022363,True,2
995,2,92,count,4.245196362820736,0.0,4.245196362820736,False,4
995,3,9,manly,2.923144884673644,0.111978158869697,3.035123043543341,False,4
995,4,1,manga,2.923144884673644,0.111978158869697,3.035123043543341,True,4
996,2,26,cloth,3.451017859683121,0.0,3.451017859683121,False,3
996,3,2,labor,3.451017859683121,0.0,3.451017859683121,True,3
997,2,35,lipid,4.09883827351893,0.0,4.09883827351893,False,3
997,3,1,equip,4.09883827351893,0.0,4.09883827351893,True,3
998,2,26,cloth,3.451017859683121,0.0,3.451017859683121,False,3
998,3,6,major,1.9242746152708134,0.1835649002357578,2.1078395155065714,True,3
999,2,103,deter,4.345544290945185,0.009548680565350782,4.355092971510535,False,5
999,3,27,comfy,3.1903709071786333,0.0,3.1903709071786333,False,5
999,4,9,power,1.942678357030259,0.13209227234092644,2.0747706293711854,False,5
999,5,1,poker,1.942678357030259,0.13209227234092644,2.0747706293711854,True,5
